ID,Name,Country,Event,Date of violation,Banned substance(s)/,Sanction
1,Nunu Abashidze, Soviet Union,Shot put,1981,,
2,Ahmed Abd El Raouf, Egypt,Hammer throw,2008,Norandrosterone,2 years
3,Inga Abitova, Russia,Long distance,2009,Biological passport anomalies,2 years
4,Folashade Abugan, Nigeria,Sprinting,2010,Testosterone prohormone,2 years
5,Ibrahim Mohamed Aden, Somalia,Middle distance,1999,Ephedrine,Public warning
6,Tosin Adeloye, Nigeria,Sprinting,2012,Metenolone,2 years
7,,,,2015,Exogenous steroids,8 years
8,Funke Adeoye, Nigeria,Hammer throw,2007,Ephedrine,Public warning
9,Alessandra Aguilar, Spain,Long distance,2011,,3 months
10,Amina Aït Hammou, Morocco,Middle distance,2008,3 whereabouts failures,1 year
11,Seltana Aït Hammou, Morocco,Middle distance,2008,3 whereabouts failures,1 year
12,Chioma Ajunwa, Nigeria,"Long jump, sprinting",1992,,4 years
13,Esther Akinsulie, Canada,Sprinting,2013,Hydrochlorothiazide,6 months
14,Ashwini Akkunji, India,Sprinting,2011,Anabolic steroids,2 years
15,Mary Akor Basley, United States,Marathon,2012,Clenbuterol,2 years
16,Mikko Ala-Leppilampi, Finland,Long distance,1972,Self admittance of blood transfusions,—
17,,,,,(not illegal at the time),
18,Mariem Alaoui Selsouli, Morocco,Middle distance,2009,EPO,2 years
19,,,,2012,Furosemide,8 years
20,Sultan Al-Dawoodi, Saudi Arabia,Discus throw,2009,Norandrosterone,2 years
21,Denis Alekseyev, Russia,Sprinting,2013,Dehydrochloromethyltestosterone,2 years
22,Barakat Al-Harthi, Oman,Sprinting,2011,Methylprednisolone,6 months
23,Ghfran Almouhamad, Syria,Hurdling,2012,Methylhexaneamine,6 months
24,Anna Alminova, Russia,Middle distance,2010,Pseudoephedrine,3 months
25,,,,2009,Biological passport anomalies,30 months
26,Anthony Alozie, Australia,Sprinting,2013,Three Whereabouts Failures,20 months
27,Aslı Çakır Alptekin, Turkey,Middle distance/steeplechase,2004,Metenolone,2 years
28,,,,2010,Biological passport,8 years
29,Chinaza Amadi, Niger,Long jump,2015,Metenolone,4 years
30,Gloria Amuche Nwosu, Nigeria,Sprinting,2005,Testosterone,2 years
31,Anis Ananenka, Belarus,Middle distance,2015,GW1516,4 years
32,Andreas Anastasopoulos, Greece,Shot put,2001,,2 years
33,Georg Andersen, Norway,Shot put,1991,Metenolone,21 months
34,Marvin Anderson, Jamaica,Sprinting,2009,4-Methyl-2-hexanamine,3 months
35,Lyudmila Andonova, Bulgaria,High jump,1985,Amphetamine,18 months
36,Yeorgios Andreou, Cyprus,Decathlon,2003,,2 years
37,Vladimir Andreyev, Russia,Race walking,2005,Salbutamol,1 year
38,Yuriy Andronov, Russia,Race walking,2014,Trimetazidine,2 years
39,Ivanildo dos Anjos, Brazil,Long distance,2014,Hydrochlorothiazide,18 months
40,Adrián Annus, Hungary,Hammer throw,2004,"Missed test, tampering",2 years
41,Seema Antil, India,Discus throw,2000,Pseudoephedrine,Public warning
42,Elena Antoci, Romania,Middle distance,2008,EPO,
43,Olena Antonova, Ukraine,Discus throw,2009 (Retested 2013),Stanozolol,2 years
44,Esref Apak, Turkey,Hammer throw,2013,Stanozolol,2 years
45,Thozama April, South Africa,Long distance,2014,"Phentermine, Prednisolone, Norandrosterone",2 years
46,Demetra Arachoviti, Greece,Hurdling,2012,Stanozolol,2 years
47,Geisa Arcanjo, Brazil,Shot put,2010,Hydrochlorothiazide,Public warning
48,Juana Arrendel, Dominican Republic,High jump,1999,Stanozolol,
49,Katsiaryna Artsiukh, Kazakhstan,Hurdling,2010,Metenolone,2 years
50,Natalya Artyomova, Russia,Middle distance,,Steroids,
51,Tatiana Aryasova, Russia,Long distance,2012,Hydroxyethylstarch,2 years
52,Elena Arzhakova, Russia,Middle distance,2011,Biological passport violation,2 years
53,Malika Asahssah, Morocco,Long distance,2015,Stanozolol,4 years
54,Delilah Asiago, Kenya,Long distance,1999,,
55,Innocent Asonze, Nigeria,Sprinting,1999,,
56,Wayne Athorne, Australia,Decathlon,,Methandienone (Dianabol),
57,Duncan Atwood, United States,Javelin throw,1985,Stimulant,Life ban (later reduced)
58,Olutoyin Augustus, Nigeria,Hurdles,2009,Abnormal testosterone levels,2 years
59,(Toyin Augustus),,,,,
60,Anna Avdeyeva, Russia,Shot put,2013,Oral Turinabol (anabolic steroid),2 years
61,Roman Avramenko, Ukraine,Javelin throw,2013,Dehydrochloromethyltestosterone,2 years
62,,,,2015,Dehydrochloromethyltestosterone,8 years
63,Hussein Awada, Lebanon,Cross country running,2012,Nandrolone,2 years
64,,,Half marathon,,,
65,Mark Anthony Awere, Ghana,Long jump,2001,,3 months
66,Bimbo Miel Ayedou, Benin,Sprinting,2012,Nandrolone,2 years
67,Süreyya Ayhan, Turkey,Middle distance,2004,Interfering with test,2 years
68,,,,2007,"Stanozolol, Methandienone",Life ban
69,Masoud Azizi, Afghanistan,Sprinting,2013,Nandrolone,2 years
70,Ahmed Baday, Morocco,Long distance,2010,Biological passport anomalies,2 years
71,Ndiss Kaba Badji, Senegal,"Long jump, triple jump",2005,Androstenedione,2 years
72,Oleksandr Bagach, Soviet Union,Shot put,1989,Steroids,2 years
73,, Ukraine,,1997,Ephedrine,Public warning and disqualification
74,José Alessandro Bagio, Brazil,Race walking,2010,19-Norandrosterone,2 years
75,Amina Bakhit, Sudan,Middle distance,2009,Norandrosterone,2 years
76,Sergey Bakulin, Russia,Race walking,2011,Biological passport anomalies,3 years and 2 months
77,Živilė Balčiūnaitė, Lithuania,Long distance,2010,Testosterone,2 years
78,Michal Balner, Czech Republic,Pole vault,2010,Cannabis,1 month
79,Onalenna Baloyi, Botswana,Middle distance,2010,Methylhexanamine,2 years
80,Yuliya Balykina, Belarus,Sprinting,2013,Drostanolone,2 years
81,Falk Balzer, Germany,Hurdling,2001,Nandrolone,2 years
82,Konstadinos Baniotis, Greece,High jump,2013,Furosemide,Public warning
83,Jarrod Bannister, Australia,Javelin throw,2012,Three Whereabouts Failures,20 months
84,,,,,within an 18-month period,
85,Kelly-Ann Baptiste, Trinidad and Tobago,Sprinting,,,2 years
86,Shawnacy Barber, Canada,Pole vault,2016,Cocaine,Public warning
87,Roberto Barbi, Italy,Marathon,1996,Ephedrine,3 months
88,,,,2001,EPO,"4 years, reduced to 25 months"
89,,,,2008,"EPO, Ephedrine",Life ban
90,Roxana Bârcă, Romania,Long distance running,2013,Methasterone,2 years
91,Randy Barnes, United States,Shot put,1990,Methyltestosterone,27 months
92,,,,1998,Androstenedione,Life ban
93,Yarelys Barrios, Cuba,Discus throw,2008,Acetazolamide,
94,Bruno de Barros, Brazil,Sprinting,2009,EPO,2 years
95,Elias Bastos, Brazil,Cross country running,2014,Methyltestosterone,2 years
96,Giuliano Battocletti, Italy,Long distance running,1999,Nandrolone,16 months
97,Dieter Baumann, Germany,Long distance,1999,Nandrolone,2 years
98,Julie Baumann, Canada,Hurdling,1989,Stanozolol,2 years
99,Vadim Bavikin, Israel,Javelin throw,1994,Steroids,4 years
100,Chantal Beaugeant, France,Heptathlon,1989,,2 years
101,James Beckford, Jamaica,Long jump,1997,Ephedrine,3 months
102,Violeta Beclea, Romania,Middle distance,1995,Steroids,4 years
103,Chaltu Beji, Azerbaijan,Steeplechase,2015,Ostarine,4 years
104,Alemitu Bekele, Turkey,Long distance,2009,Biological passport anomalies,2 years and 9 months
105,Mimi Belete, Bahrain,Middle/Long distance,2010,Salbutamol,Public reprimand and disqualification
106,Irina Belova, Russia,Heptathlon,1993,Testosterone,4 years
107,Kenta Bell, United States,Triple jump,2007,Methylprednisolone,3 months
108,Awatef Ben Hassine, Tunisia,Sprinting,2004,Norandrosterone,2 years
109,Yassine Bensghir, Morocco,Middle distance,2014,Biological passport,4 years
110,Yahya Berrabah, Morocco,Long jump,2009,Cannabis,Public warning
111,,,,2011,EPO,4 years (2nd ADRV)
112,Gwen Berry, United States,Hammer throw,2016,Use of a prohibited substance (Vilanterol Trifenatate),3 months
113,Michael Berry, United States,Sprinting,2010,Cannabis,3 months
114,Mariya Bespalova, Russia,Hammer throw,2015,Dehydrochloromethyltestosterone,4 years
115,María Cristina Betancourt, Cuba,Discus throw,1983,,Life ban
116,Tim Béthune, Canada,Sprinting,1985,Self admittance of steroid use (Dubin inquiry),
117,Kipyegon Bett, Kenya,800 m,2017,Erythropoietin out-of-competition test in November 2017,4 years
118,Antonella Bevilacqua, Italy,High jump,1996,"Ephedrine, pseudoephedrine",
119,Uwe Beyer, West Germany,Hammer throw,1960's/1970's,Anabolic steroids (self-admitted),—
120,Alemayehu Bezabeh, Spain,Middle/Long distance,2010,Use of a prohibited method (Operation Galgo),2 years
121,Rajendra Bahadur Bhandari,   Nepal,Long distance,2006,Norandrosterone,2 years
122,Quentin Bigot, France,Hammer throw,2014,Methandienone and Stanozolol,2 years
123,Madina Biktagirova, Unified Team,Long distance,1992,Norephedrine,
124,Yuriy Bilonoh, Ukraine,Shot put,2004,Oxandrolone,3 years
125,,,,(Sample retested 2012),,
126,Svetlana Biryukova, Russia,Long jump,2014,SARMs,2-year ban
127,Dominique Blake, Jamaica,Sprinting,2006,Ephedrine,9 months
128,,,,2012,Methylhexanamine,4 years and 6 months (Reduced from 6 years)
129,Yohan Blake, Jamaica,Sprinting,2009,4-Methyl-2-hexanamine,3 months
130,José Luis Blanco, Spain,Middle distance,2010,EPO,2 years
131,Zhanna Block, Ukraine,Sprinting,2002,BALCO scandal,2 years
132,Lyudmyla Blonska, Ukraine,"Heptathlon, long jump",2003,Stanozolol,2 years
133,,,,2008,Methyltestosterone,Life ban
134,Petr Bogatyrev, Russia,Race walking,2011,Biological passport anomalies,2 years
135,Ato Boldon, Trinidad and Tobago,Sprinting,2001,Ephedrine,Public warning
136,Scott Boothby, United States,Hammer throw,2006,"Finasteride, 6-oxo-androstenedione",4 years (Reduced from 8 years)
137,Valeriy Borchin, Russia,Race walking,2005,Ephedrine,1 year
138,,,,2009,Biological passport anomalies,8 years
139,Béranger-Aymard Bossé, Central African Republic,Sprinting,2016,Prednisolone,2 years
140,Mihaela Botezan, Romania,Long distance,2007,Chlortalidone,2 years
141,Chakir Boujattaoui, Morocco,Long-distance,2010,MIRCERA,2 years
142,Brahim Boulami, Morocco,Steeplechace,2002,EPO,2 years
143,Larbi Bouraada, Algeria,Decathlon,2012,Stanozolol,2 years
144,Abderrahime Bouramdane, Morocco,Marathon,2011,Biological passport,2 years
145,Zahra Bouras, Algeria,Middle-distance,2012,Stanozolol,2 years
146,Sofiya Bozhanova, Bulgaria,Long/Triple jump,1994,Amphetamine,4 years
147,Kevin Braunskill, United States,Sprinting,1994,Stanozolol,4 years
148,Grit Breuer, Germany,Sprinting,1992,Clenbuterol,2 years
149,Okkert Brits, South Africa,Pole vault,2003,Ephedrine,Public warning
150,Damien Broothaerts, Belgium,Hurdling,2011,"Methylhexanamine,",1 year (Reduced from 2 years)
151,,,,,3 whereabouts failures,
152,Alicia Brown, Canada,Sprinting,2013,Hydrochlorothiazide,2 years
153,Erik de Bruin, Netherlands,"Discus throw, shot put",1993,"Testosterone, Stanozolol, hCG",4 years
154,Ricky Bruch, Sweden,Discus throw,1960's/1970's,Anabolic steroids (self-admitted),—
155,Yelyzaveta Bryzhina, Ukraine,Sprinting,2013,Drostanolone,2 years
156,Aleksandr Bulanov, Russia,Shot put,2009,Methandienone,2 years
157,Viktor Burayev, Russia,Race walking,2008,EPO,2 years
158,Tamara Bykova, Soviet Union,High jump,1990,Ephedrine,3 months
159,Yolanda Caballero, Colombia,Long distance,2011,Biological passport,4 years
160,,,,2014,Tampering,
161,Gary Cadogan, Great Britain,"Sprinting, hurdling",1998,Nandrolone,2 years
162,Dorina Calenic, Romania,Long distance,1987,,
163,Mehmet Çağlayan, Turkey,Long distance,2010,EPO,2 years
164,Jillian Camarena-Williams, United States,Shot put,2013,Clomiphene,6 months
165,John Capel, United States,Sprinting,2004,Cannabis,Public warning
166,,,,2006,Cannabis,2 years
167,Dean Capobianco, Australia,Sprinting,1996,Stanazolol,2 years (Reduced from 4 years)
168,Hector Carrasquillo, Puerto Rico,Sprinting,2011,Anabolic steroid,2 years
169,LaMark Carter, United States,Triple jump,2004,Salbutamol,Public warning
170,Silviu Casandra, Romania,Race walking,2002,,2 years
171,Arnaud Casquette, Mauritius,Long jump,2005,Cannabis,6 months
172,Víctor Castillo, Venezuela,Long jump,2006,Furosemide,2 years
173,,,,2011,Methylhexaneamine,4 years
174,Recep Çelik, Turkey,Race walking,2012,Metenolone,2 years
175,Jolanda Čeplak, Slovenia,Middle distance,2007,EPO,2 years
176,Dwain Chambers, Great Britain,Sprinting,2003,"THG, Testosterone, EPO, HGH, Insulin, Modafinil & Liothyronine",2 years
177,Hafid Chani, Morocco,Long distance,2011,Biological passport,4 years
178,Jamel Chatbi, Morocco,Steeplechase,2009,Clenbuterol,3 years
179,Jani Chathurangani Silva, Sri Lanka,Sprinting,2006,Nandrolone,2 years
180,David Chaussinand, France,Hammer throw,23-May-02,Metenolone,3 years
181,,,,24-Jun-02,Clenbuterol,
182,Mouhcine Cheaouri, Morocco,Pole vault,2016,Stanozolol,4 years
183,Emily Chebet, Kenya,"Long distance, cross country",2015,Furosemide,4 years
184,Cristiana Checchi, Italy,Shot put,2003,Caffeine,Public warning
185,Viktor Chegin, Russia,Coach,,"Administration of a prohibited substance, complicity",Life ban
186,Abdelatif Chemlal, Morocco,Steeplechase,2004,Norandrosterone,2 years
187,Flomena Chepchirchir, Kenya,Marathon,2014,,6 months
188,Pamela Chepchumba, Kenya,Cross country running,2003,EPO,2 years
189,Susan Chepkemei, Kenya,Long distance,2007,Salbutamol,1 year
190,Svetlana Cherkasova, Russia,Middle distance,2007,Fraudulent substitution of urine,33 months
191,Lada Chernova, Russia,Javelin throw,2008,Metenolone,2 years
192,,,,2013,Bromantane,Life ban
193,Tatyana Chernova, Russia,Heptathlon,2009,Oral Turinabol,2 years
194,Lydia Cheromei, Kenya,Long distance,2005,Clomiphene,2 years
195,Damu Cherry, United States,Hurdling,2003,Norandrosterone,2 years
196,Silvano Chesani, Italy,High jump,2007,Formoterol,Public warning
197,Christophe Cheval, France,Sprinting,2001,Nandrolone,2 years
198,Dimitrios Chondrokoukis, Greece,High jump,2012,Stanozolol,2 years
199,Fouad Chouki, France,Middle distance,2003,EPO,2 years
200,Khalid Choukoud, Netherlands,Long distance,2007,Stanozolol,2 years
201,Linford Christie, Great Britain,Sprinting,1999,Nandrolone,2 years
202,Vivian Chukwuemeka, Nigeria,Shot put and discus,2009,Oxymetholone,2 years
203,,,,2012,Stanozolol,Life ban
204,Clement Chukwu, Nigeria,Sprinting,1992,,4 years
205,Yelena Churakova, Russia,Hurdling,2013,Methandienone & Dehydrochloromethyltestosterone,2 years
206,Hazel Clark, United States,Middle distance,2001,Pseudoephedrine,Public warning
207,Venolyn Clarke, Canada,Sprinting,2001,Stanozolol,4 years
208,Ramon Clay, United States,Sprinting,2000–2004,Steroids and hormones (BALCO scandal),2 years
209,Luis Collazo, Puerto Rico,Long distance,2011,Exogenous steroids,2 years
210,Michelle Collins, United States,Sprinting,2002–2004,"THG, EPO (BALCO scandal)",4 years (Reduced from 8 years)
211,Rosa Colorado, Spain,Hurdling,1980,Steroids,18 months
212,Hannah Cooper, Liberia,Sprinting,1999,,
213,Harold Connolly, United States,Hammer throw,1960's,Self-admitted; Anabolic steroids,–
214,Jessica Cosby, United States,Hammer throw,2009,"Hydrochlorothiazide, chlorothiazide",4 months
215,Nuno da Costa, Portugal,Cross country running,2011,EPO,2 years
216,Daniela Costian, Romania,Discus throw,1986,,
217,Julie Coulaud, France,Middle/Long distance,2008,Testosterone,3 years
218,Crystal Cox, United States,Sprinting,2002,Ephedrine (positive test),Public warning
219,,,,2001–2004,Anabolic steroids (self admitted),4-year ban
220,Shawn Crawford, United States,Sprinting,2012,3 whereabouts failures,2 years
221,Olga Cristea, Moldova,Middle-distance,2010,Testosterone,2 years
222,Peter Dajia, Canada,Shot put,1983–,Self admittance in 1989: Steroids,18 months
223,,,,1986,"Positive test: Steroids, Testosterone",
224,Martina Danišová-Hrasnová, Slovakia,Hammer throw,2003,Nandrolone,2 years
225,Bonnie Dasse, United States,Shot put,1992,Clenbuterol,4 years
226,Marie Davenport, Ireland,Long distance,1996,Phenylpropanolamine,Reprimand
227,(Marie McMahon),,,,,
228,Walter Davis, United States,Triple jump,2013,3 whereabouts failures,1 year
229,Alice Decaux, France,Hurdling,2013,β-Methylphenethylamine,6 months
230,Mary Decker, United States,Middle distance,1996,Testosterone,
231,(Mary Slaney),,,,,
232,Tony Dees, United States,Hurdling,2001,"Norandrosterone, Noretiochdandone",Life ban
233,Hind Dehiba, France,Middle distance,2007,EPO,2 years
234,Tatyana Dektyareva, Russia,Hurdling,2014,Ostarine,2 years
235,Dimitrios Delifotis, Greece,Long jump,1984,,
236,Luis Delís, Cuba,Discus throw/shot put,1990,,
237,Tezeta Dengersa, Turkey,Middle/Long distance,2005,Metenolone,2 years
238,Frédéric Denis, France,Steeplechase,2007,EPO,2 years
239,Sébastien Denis, France,Hurdling,2005,Ephedrine,Public warning
240,Lyubov Denisova, Russia,Marathon,2007,"Prostanozol, testosterone",2 years
241,Manuela Derr, Germany,Sprinting,1992,Clenbuterol,3 years
242,Ronald Desruelles, Belgium,Long jump,1980,,
243,Hrysopiyi Devetzi, Greece,Triple/Long jump,2009,Failure to submit to doping control,2 years
244,,,,2007 (Retest 2015),Stanozolol,4 years
245,Vadim Devyatovskiy, Belarus,Hammer throw,2000,Nandrolone,2 years
246,Aïssa Dghoughi, Morocco,Long distance,2006,Refusal to submit to doping control,3 years
247,Ahmed Mohamed Dheeb, Qatar,Discus throw,2010,Testosterone metabolites,
248,Alberico Di Cecco, Italy,Marathon,2008,EPO,2 years
249,Rostislav Dimitrov, Bulgaria,Triple jump,1999,Ephedrine,
250,Svetla Dimitrova, Bulgaria,Heptathlon,1989,Sydnocarb,2 years
251,Katalin Divós, Hungary,Hammet throw,2001,,2 years
252,Vukosava Đjapić, Serbia and Montenegro,Sprinting,2005,Metenolone,2 years
253,Abderahmane Djemadi, Algeria,Long distance,2001,Refusal to submit to doping control,2 years
254,Gábor Dobos, Hungary,Sprinting,2000,"Drostanolone, testosterone",2 years
255,,,,2006,,Life ban
256,Jim Doehring, United States,Shot put,1990,Steroids,2 years
257,Bahar Doğan, Turkey,Long distance,2011,Biological passport,2 years and 6 months
258,Bishop Dolegiewicz, Canada,"Shot put, discus throw",1973–1985,Self admittance (The Dubin Inquiry): Steroids,National record annulled
259,Marta Dominguez, Spain,Middle distance,2009,Biological passport,3 years
260,Tetyana Dorovskikh, Ukraine,Middle distance,1993,Unknown substance,
261,(Tatyana Samolenko),,,,,
262,Rashid Shafi Al-Dosari, Qatar,Discus throw,2003,Refused to submit to doping control,2 years
263,Troy Douglas, Netherlands,Sprinting,1999,Nandrolone,2 years
264,Horace Dove-Edwin, Sierra Leone,Sprinting,1994,Stanozolol,2 years
265,Hanna Drabenia, Belarus,Race walking,2015,Trimetazidine,2 years
266,Rasa Drazdauskaitė, Lithuania,Long distance,2003,Stanozolol,2 years
267,Heike Drechsler, East Germany,Long jump/sprinting,1980's,Self admittance,—
268,Hamza Driouch, Qatar,Middle distance,2012,Biological passport anomalies,2 years
269,Jon Drummond, United States,Coach,2012/,"Possession,",8 years
270,,,,2013,trafficking,
271,,,,,and administration of prohibited substances,
272,Oleksandr Dryhol, Ukraine,Hammer throw,2013,Dehydrochloromethyltestosterone,2 years
273,Aliona Dubitskaya, Belarus,Shot put,2014,Oxilofrine,6 months
274,Aleksandra Duliba, Belarus,Marathon,2013,Biological passport,2 years
275,Corina Dumbrăvean, Romania,Middle distance,2007,Refusal to submit to testing,2 years
276,,,,2010,,Life ban
277,Julien Dunkley, Jamaica,Sprinting,2008,Boldenone,2 years
278,Debbie Dunn, United States,Sprinting,2012,Testosterone,2 years
279,Lyudmila Dzhigalova, Ukraine,Sprinting,1993,Steroids,4 years
280,Monzavous Edwards, United States,Sprinting,2004,Cannabis,Public warning
281,Mark Edwards, Great Britain,,,"Clostebol, Testosterone",
282,Paul Edwards, Great Britain,Shot put,1993,"Anabolic steroids, raised testosterone and pseudoephedrine",4 years
283,,,,1997,Tetrahydrocannabinol,Life ban
284,Torri Edwards, United States,Sprinting,2004,Nikethamide,15 months (Reduced from 2 years)
285,Daniel Effiong, Nigeria,Sprinting,1995,Methyltestosterone and ephedrine,4 years
286,Inna Eftimova, Bulgaria,Sprinting,2011 {Retested 2012),Recombinant Human Growth hormone,2 years
287,Florence Ekpo-Umoh, Germany,Sprinting,2003,Stanozolol,2 years
288,Christy Ekpukhon, Nigeria,Sprinting,2008,Metenolone,2 years
289,Abderrahim El Asri, Morocco,Cross country running,2014,EPO,2 years
290,Wafa Ismail El Baghdadi, Egypt,Shot put,2007,Methandienone,2 years
291,Hayat El Ghazi, Morocco,Hammer throw,2006,Norandrosterone,2 years
292,Mohamed El Hachimi, Morocco,Long distance,2012,Methylhexaneamine,6 months
293,,,,2014,CERA,6 years
294,Fouad Elkaam, Morocco,Middle distance,2011,Methylhexaneamine,6 months
295,(Fouad El Kaam),,,,,
296,Saïda El Mehdi, Morocco,Middle distance,2009,Stanozolol,2 years
297,Rkia El Moukim, Morocco,Long distance,2011,Biological passport,2 years
298,Najim El Qady, Morocco,Long distance,2011,Biological passport,2 years
299,Stanislav Emelyanov, Russia,Race walking,2010,Biological passport,2 years
300,Alene Emere, Ethiopia,Long distance,2002,Nandrolone,2 years
301,Ivan Emilianov, Moldova,Shot put,2011,"Metenolone, Stanozolol",2 years
302,Meryem Erdogan, Turkey,Long distance,2010,Biological passport,2 years
303,Mostafa Errebbah, Italy,Long distance,2004,Stanozolol,2 years
304,Wilson Loyanae Erupe, Kenya,Long distance,2012,EPO,2 years
305,Fatih Eryildirim, Turkey,Hammer throw,2013,"Stanozolol, Dehydrochloromethyltestosterone",2 years and 6 months
306,Nilay Esen, Turkey,Long distance,2005,Metenolone,2 years
307,Alisher Eshbekov, Russia,Hammer throw,,Anabolic steroid,
308,Ridouane Es-Saadi, Belgium,Middle/Long distance,2004,"Trafficking, use, possession",6 months
309,,,,2006,Methandienone,Life ban
310,Latifa Essarokh, France,Middle distance,2006,Stanozolol,2 years
311,Lee Evans, United States,Coach,2013,,4 years
312,Davidson Ezinwa, Nigeria,Sprinting,1996,Ephedrine,3 months
313,,,,1999,hCG,2 years
314,Osmond Ezinwa, Nigeria,Sprinting,1996,Ephedrine,3 months
315,Hamid Ezzine, Morocco,Steeplechase,2009,"Refusal to submit to doping control, Tampering with test",2 years
316,Martin Fagan, Ireland,"Marathon, half-marathon",2011,EPO,2 years
317,Ahmed Faiz, Saudi Arabia,Long jump,2010,Amphetamines,2 years
318,Sandra Farmer-Patrick, United States,Hurdling,1996,Testosterone,
319,Róbert Fazekas, Hungary,Discus throw,2004,Failing to provide urine sample,2 years
320,,,,2012,Stanozolol,6 years
321,Surita Febbraio, South Africa,Hurdling,2005,Testosterone,2 years
322,Agustín Félix, Spain,Decathlon,2011,Drostanolone,2 years
323,Paquillo Fernández, Spain,Race walk,2010,Possession of undisclosed banned substances,2 years
324,Ricardo Fernández, Spain,Middle/Long distance,2004,EPO,2 years
325,,,,2006,Finasteride,2 years
326,Elena Fidatov, Romania,Middle/Long distance,1998,Nandrolone,2 years
327,Nicolas Figère, France,Hammer throw,2007,Cathine,"1 month, public warning"
328,Konstadinos Filippidis, Greece,Pole vault,2007,Etilephrine,2 years
329,Yuliya Fomenko, Russia,Middle distance,2007,Fraudulent substitution of urine,33 months
330,Greg Foster, United States,Hurdling,1990,"Pseudoephedrine, Ephedrine, Phenylpropanolamine",6 months
331,Allodin Fothergill, Jamaica,Sprinting,2009,4-Methyl-2-hexanamine,3 months
332,Cecilia Francis, Nigeria,Sprinting,2013,Metenolone,1 year
333,Shelly-Ann Fraser, Jamaica,Sprinting,2010,Oxycodone,6 months
334,Brian Frasure, United States,Sprinting,2000,Nandrolone,4 years
335,Jake Freeman, United States,Hammer throw,2009,Cannabis,Public warning
336,,,,2011,Cannabis,1 year
337,Margarita Fuentes-Pila, Spain,Middle distance,2015,,6 months
338,Ruth Fuchs, East Germany,Javelin throw,1970's,Anabolic steroids (self-admitted),—
339,Chryste Gaines, United States,Sprinting,2003,Modafinil (positive test),Public warning
340,,,,2005,THG (investigation: BALCO),2 years
341,Anton Galkin, Russia,Sprinting,2004,Stanozolol,2 years
342,Miguel Ángel Gamonal, Spain,Half marathon,2013,Clenbuterol,2 years
343,,,,2015,Biological passport,3 years
344,Alberto García, Spain,"Long distance, cross country",2003,EPO,2 years
345,Sandra Gasser,  Switzerland,Middle distance,1987,Steroids,2 years
346,Justin Gatlin, United States,Sprinting,2001,Amphetamine,1 year (Reduced from 2 years)
347,,,,2006,Testosterone,4 years
348,Tyson Gay, United States,Sprinting,2013,Positive test: Exogenous anabolic-androgenic steroid,1 year
349,,,,2012–2013,Investigation/Admittance,
350,Tibor Gécsek, Hungary,Hammer throw,1995,Anabolic steroids,2 years (Reduced from 4 years)
351,Ines Geipel, East Germany,Sprinting,1980's,Turinabol (self-admitted),—
352,Shitaye Gemechu, Ethiopia,Long distance,2009,EPO,2 years
353,Ivan Gertlein, Russia,Pole vault,2012,Testosterone,2 years
354,Nordine Gezzar, France,Middle/Long distance,2006,"Finasteride, nandrolone",2 years
355,,,,2012,EPO,10 years
356,Rachid Ghanmouni, Morocco,Long distance,2006,Evading doping control,2 years
357,Ruqaya Al-Ghasra, Bahrain,Sprinting,2009,Epitestosterone,2 years
358,Alina Gherasim, Romania,Long distance,2002,Anabolic steroids,2 years
359,(Alina Tecuţa),,,,,
360,Bouchra Ghezielle, France,Middle distance,2008,EPO,4 years
361,Patricia Girard, France,Sprinting,1990,Primobolan (anabolic steroid),2 years
362,Sandra Glover, United States,Sprinting,2003,Modafinil,Disqualification and public warning
363,Geronimo Goeloe, Netherlands Antilles,Sprinting,2008,Stanozolol,2 years
364,Thomas Goller, Germany,Hurdling,2010,"Boldenone, SARMs",2 years
365,Olga Golovkina, Russia,Long distance,2013,Dehydrochloromethyltestosterone,2 years
366,Vanda Gomes, Brazil,Sprinting,2014,Anastrozole,2 years
367,Yekaterina Gordiyenko, Soviet Union,Pentathlon,1978,Anabolic steroids,18 months
368,Agnieszka Gortel-Maciuk, Poland,Marathon/Half marathon,2013,"Testosterone, DHEA",2 years
369,Anastasios Gousis, Greece,Sprinting,2008,Methyltrienolone,2 years
370,Abderrahim Goumri, Morocco,Marathon,2009,Biological passport,4 years
371,Eva-Maria Gradwohl, Austria,Long distance,2010,Refusal to submit to doping control,2 years
372,Stephanie Graf, Austria,Middle distance,2003,Attempted use of a prohibited method (Humanplasma scandal),2 years
373,Trevor Graham, United States,Coach,,"Possession, trafficking, and administration of performance-enhancing drugs, and assisting, encouraging, aiding and abetting anti-doping rule violations",Life ban
374,Mike Gravelle, United States,Discus throw,1995,Testosterone,
375,Rob Gray, Canada,Discus throw,,Self admittance: Anabolic Steroids,Lost national record
376,Bill Green, United States,Hammer throw,1987,Testosterone,2 years
377,Yelizaveta Grechishnikova, Russia,Long distance,2009,Biological passport,2 years
378,Anri Grigorov, Bulgaria,Sprinting,1990,,
379,Lidiya Grigoryeva, Russia,Long distance,2009,Biological passport,2 years and 6 months
380,Yekaterina Grigoryeva, Russia,Sprinting,2001,,2 years
381,(Yekaterina Leshcheva),,,,,
382,Nataliya Grygoryeva, Soviet Union,Hurdling,,,
383,Mickey Grimes, United States,Sprinting,2003,Ephedrine,Public warning
384,,,,2004,Norandrosterone,2 years
385,Yelena Gulyayeva, Russia,High jump,1991,,2 years
386,Anna Gurova, Russia,Sprinting,2011,Methyltestosterone,2 years
387,Andreas Gustafsson, Sweden,Race walk,2014,EPO,2 years
388,Abdelhadi Habassa, Morocco,Long distance,2008,Norandrosterone,2 years
389,Milan Haborák, Slovakia,Shot put,2004,Hormones,2 years
390,,,,2010,Stanozolol,Life ban
391,Abdelkader Hachlaf, Morocco,Middle distance,2004,EPO,2 years
392,Halima Hachlaf, Morocco,Long-distance,2013,Biological passport,4 years
393,Mohamed El Hachimi, Morocco,Long distance,2014,CERA,6 years
394,Semoy Hackett, Trinidad and Tobago,Sprinting,2011,Methylhexaneamine,6 months
395,,,,2012,Methylhexaneamine,2 years and 4 months
396,Mohammad Noor Imran Abdul Hadi, Malaysia,Sprinting,2011,Evading doping control,2 years
397,Vésteinn Hafsteinsson, Iceland,Discus throw,1984,Nandrolone,2 years
398,Linda Haglund, Sweden,Sprinting,1981,Anabolic steroids,18 months
399,Abdellah Haidane, Italy,Middle distance,2014,Tuaminoheptane,4 months
400,Fatima Hajjami, France,Long distance,2003,Stanozolol,2 years
401,Fani Halkia, Greece,Hurdling,2008,Methyltrienolone,2 years
402,Hussain Al-Hamdah, Saudi Arabia,Long distance,2009,Biological passport,2 years and 6 months
403,Tetyana Hamera-Shmyrko, Ukraine,Long distance,2011,Biological passport,4 years
404,Tahesia Harrigan-Scott, British Virgin Islands,Sprinting,2011,Methylhexaneamine,6 months
405,Alvin Harrison, United States,Sprinting,2004,BALCO scandal:,4 years
406,,,,,"Anabolic steroids, insulin, HgH, EPO, modafinil",
407,Calvin Harrison, United States,Sprinting,1993,Pseudoephedrine,3 months
408,,,,2003,Modafinil,2 years
409,Ridouane Harroufi, Morocco,Long distance,2013,EPO,2 years
410,Barakat Al-Harthi, Oman,Sprinting,2011,Methylprednisolone,6 months
411,Kjell Ove Hauge, Norway,"Discus throw, shot put",1998,Metandienone,18 months
412,Ahmad Hazer, Lebanon,110 m hurdles,2013,Metenolone,2 years
413,Floyd Heard, United States,Sprinting,2000,,Public warning
414,Sabine Heitling, Brazil,Steeplechase,2013,Methylhexaneamine,1 year
415,Eddy Hellebuyck, United States,Long distance,2004,EPO,2 years
416,Anca Heltne, Romania,Shot put,2010,Stanozolol,2 years
417,,,,2014,"Methandienone, Dehydrochloromethyltestosterone",8 years
418,Geraldine Hendricken, Ireland,Middle distance,2004,19-norandrosterone,2 years
419,,,Cross country,,,
420,Adriënne Herzog, Netherlands,Long distance,2014,Testosterone,2 years
421,Iván Hierro, Spain,Long distance,2014,Possession of a prohibited substance,2 years
422,Claus Hirsbro, Denmark,Sprinting,1996,Stanozolol,2 years
423,,,,2000,Nandrolon,Life ban
424,Hassan Hirt, France,Long distance,2012,EPO,2 years
425,Knut Hjeltnes, Norway,"Discus throw, shot put",1977,Anabolic steroids,1 year
426,Gergely Horváth, Hungary,Javelin throw,2006,Boldenone,2 years
427,Hristoforos Hoidis, Greece,Sprinting,2005,Tamoxiphen,2 years
428,Seppo Hovinen, Finland,Javelin throw,1977,Anabolic steroids,1 year
429,Sue Howland, Australia,Javelin throw,1987,Anabolic steroids,2 years
430,Yu-Fang Hsu, Chinese Taipei,Marathon,2011,EPO,2 years
431,Huang Qun, China,Discus throw,2006,Stanozolol,2 years
432,C.J. Hunter, United States,Shot put,2000,Nandrolone,2 years
433,Liza Hunter-Galvan, New Zealand,Marathon,2009,EPO,2 years
434,Marwa Hussein, Egypt,Hammer throw,2010,Stanozolol,Two-year ban
435,Victor Hogan, South Africa,Discus throw,2016,Methylhexanamine,9 month ban
436,Monica Iagăr, Romania,High jump,1996,,6 months
437,Abdulagadir Idriss, Sudan,Sprinting,2005,Norandrosterone,2 years
438,Samson Idiata, Nigeria,Long jump,2015,Clenbuterol,4 years
439,Gulustan Ieso, Iraq,Sprtinting,2011,Methylhexaneamine,1 year
440,Kirill Ikonnikov, Russia,Hammer throw,2012,Dehydrochloromethyltestosterone,2 years
441,Chidi Imoh, Nigeria,Sprinting,1994,,4 years
442,Cristinel Irimia, Romania,Long distance,2014,Exogenous steroids,2 years
443,Ekaterina Ishova, Russia,Middle/Long distance,2011,Biological passport,2 years
444,(Ekaterina Gorbunova),,,,,
445,Daniel Ivanov, Bulgaria,Long jump,1993,Amphetamine,
446,Lyubov Ivanova, Russia,Steeplechase,2006,Methyltestosterone,2 years
447,(Lyubov Kharlamova),,,,,
448,Olimpiada Ivanova, Russia,Race walking,1997,Stanazolol,2 years
449,Kathy Jager, United States,,,"Hydrochlorothiazide, Chlorothiazide",
450,Regina Jacobs, United States,Middle distance,2003,THG,4 years
451,Norjannah Hafiszah Jamaludin, Malaysia,Sprinting,2011,Evading doping control,2 years
452,Patrick Jarrett, Jamaica,Sprinting,2001,Stanozolol,2 years
453,Helena Javornik, Slovenia,Middle/Long distance,2008,EPO,2 years
454,Mark Jelks, United States,Sprinting,2010,3 Whereabouts failures,2 year ban
455,Cordera Jenkins, United States,Hurdling,2006,Cannabis,Public warning
456,Rita Jeptoo, Kenya,Marathon,2014,EPO,2 years
457,Agatha Jeruto Kimaswai, Kenya,Middle distance,2015,Norandrosterone,4 years
458,Olivera Jevtić, Yugoslavia,Long distance,2002,Ephedrine,Public warning and disqualification from the 2002 New York City Marathon
459,Antonio David Jiménez, Spain,Steeplechase,2014,Possession of a prohibited substance,3 years
460,Ben Johnson, Canada,Sprinting,1988,Positive test: Stanozolol,2 years
461,,,,1989,Self admittance: Steroids (1982–1988),
462,,,,1993,Testosterone,Life ban
463,,,,1999,Hydrochlorothiazide,
464,Gea Johnson, United States,Heptathlon,1994,Anabolic steroids,4 years
465,Marion Jones, United States,Sprinting/Long jump,2000–2006,THG (investigation > admittance),2 years
466,LaVerne Jones-Ferrette, United States Virgin Islands,Sprinting,2010,Clomiphene,6 months
467,Sini Jose, India,Sprinting,2011,Methandienone,2 years
468,Milan Jotanović, Serbia,Shot put,2008,Salbutamol,8 months
469,Dariusz Juzyszyn, Poland,Discus throw,1983,,
470,Robert Kajuga, Rwanda,Long distance,2015,Refusal,4 years
471,Abubaker Ali Kamal, Qatar,Middle distance,2011,EPO,2 years
472,Pauline Kahenya, Kenya,Long distance,2013,"Prednisone, Prednisolone",1 year
473,Alissa Kallinikou, Cyprus,Sprinting,2008,Testosterone,2 years
474,Tayeb Kalloud, Algeria,Long distance,2008,Norandrosterone,2 years
475,Svetlana Kanatova, Russia,Middle distance,,,
476,Vladimir Kanaykin, Russia,Race walking,2008,EPO,2 years
477,,,,2011,Biological passport,8 years
478,Olga Kaniskina, Russia,Race walking,2009,Biological passport,3 years and 2 months
479,Adil Kaouch, Morocco,Middle distance,2007,EPO,2 years
480,Anastasiya Kapachinskaya, Russia,Sprinting,2004,Stanozolol,2 years
481,Julien Kapek, France,Triple jump,2009,3 Whereabouts Failures within 18-month period,1 year
482,Natallia Kareiva, Belarus,Middle distance,2010,Biological passport,2 years
483,Halina Karnatsevich, Belarus,Long distance,2006,Stanozolol,2 years
484,Yanina Karolchyk-Pravalinskaya, Belarus,Shot put,2003,Clenbuterol,2 years
485,Mandeep Kaur, India,Sprinting,2011,"Stanozolol, Methandienone",2 years
486,Ali Ekber Kayas, Turkey,Sprinting,2012,Oxandrolone,2 years
487,Tatyana Kazankina, Soviet Union,Middle distance,1984,Refusal to submit to doping control,18 months
488,Héni Kechi, France,Sprinting,2007,Cannabis,3 months
489,Lisa Kehler, Great Britain,Race walking,2007,Terbutaline,Public warning
490,Naman Keïta, France,"Hurdling, sprinting",2007,Testosterone precursors,2 years
491,Gloria Kemasuode, Nigeria,Sprinting,2009,"Metenolone, ephedrine",2 years
492,(Gloria Ubiebor),,,,,
493,Simon Kemboi, Kenya,Sprinting,2000,Nandrolone,
494,Kostas Kenteris, Greece,Sprinting,2004,Evasion of doping control,
495,Kamy Keshmiri, United States,Discus throw,1992,Methandienone,
496,Atalelech Ketema, United States,Marathon,2014,Ephedrine,2 years
497,Meryem Khali, Morocco,Long distance,2012,Norandrosterone,2 years
498,Gulfiya Khanafeyeva, Russia,Hammer throw,Unknown,Unknown,3 months
499,,,,2007,Fraudulent substitution of urine,33 months
500,Yekaterina Khoroshikh, Russia,Hammer throw,2007,6α-methylandrostendione,2 years
501,Irina Khudoroshkina, Russia,Shot put,2004,Hydrochlorothiazide,2 years
502,Molly Killingbeck, Canada,Sprinting,1980's,Self admittance of steroid use (Dubin inquiry),
503,Gary Kinder, United States,Decathlon,1991,Failure to appear for mandatory drug test,(2 years) overturned due to flaws in testing protocol
504,Benjamin Kipkurui, Kenya,Middle distance,2013,,3 months
505,Abraham Kiprotich, France,Marathon,2013,EPO,2 years
506,Nabil Kirame, Morocco,Discus throw,2006,Cannabis,Public warning
507,,,,2015,Stanozolol,4 years
508,Ümmü Kiraz, Turkey,Long distance,2011,Biological passport,2 years and 6 months
509,Sergey Kirdyapkin, Russia,Race walking,2009,Biological passport,3 years and 2 months
510,Mathew Kipkoech Kisorio, Kenya,Long distance,2012,Norandrosterone,2 years
511,Rael Kiyara, Kenya,Long distance,2012,Norandrosterone,2 years
512,Svetlana Klyuka, Russia,Middle distance,2009,Biological passport,2 years
513,Markus Koistinen, Finland,Shot put,1996,hCG (Human chorionic gonadotropin),4 years
514,Nemanja Kojić, Serbia,Middle distance,2015,Furosemide,2 years
515,Teodora Kolarova, Bulgaria,Middle distance,2007,Testosterone,2 years
516,Nikolay Kolev, Bulgaria,Discus throw,1987,,
517,Francisca Koki, Kenya,Hurdling,2015,Furosemide,4 years
518,Koki Manunga,,,,,
519,Eirini Kokkinariou, Greece,Steeplechase,2009,Biological passport,4 years
520,Mikuláš Konopka, Slovakia,Shot put,2002,Stanozolol,2 years
521,,,,2008,Methandienone,Life ban
522,Ilya Konovalov, Russia,Hammer throw,2006,Acetazolamide,2 years
523,Mariya Konovalova, Russia,Long distance,2009,Biological passport,2 years
524,Oleksandr Korchmid, Ukraine,Pole vault,2009,Ephedrine,Public warning
525,Aleksey Korolev, Russia,Hammer throw,2009,Methandienone,2 years
526,Irina Korzhanenko, Russia,Shot put,1999,Steroids,2 years
527,,,,2004,Stanozolol,Life ban
528,Yekaterina Kostetskaya, Russia,Middle distance,2011,Biological passport,2 years
529,Dmytro Kosynskyy, Ukraine,Javelin throw,2011,Testosterone,2 years
530,Tatyana Kotova, Russia,Long jump,2005,Formestane,2 years
531,,,,(Sample retested 2013),,
532,Zoltán Kővágó, Hungary,Discus throw,2011,Refusal to submit,2 years
533,Ayman Kozhakhmetova, Kazakhstan,Race walk,2013,"Testosterone, EPO",2 years
534,Katrin Krabbe, Germany,Sprinting,1992,Clenbuterol,3 years
535,Inessa Kravets, Ukraine,Long/Triple jump,1993,Stimulant,3 months
536,,,,2000,Anabolic steroid,2 years
537,Lyubov Kremlyova, Russia,Middle distance,1995,Steroids,4 years
538,Heidi Krieger, East Germany,Shot put,1980's,Self admission: Anabolic steroids,—
539,(Andreas Krieger),,,,,
540,Svetlana Krivelyova, Russia,Shot put,2004,Oxandrolone,2 years
541,,,,(Sample retested 2012),,
542,Valentin Kruglyakov, Russia,Sprinting,2013,Nandrolone,4 years
543,Pavel Kryvitski, Belarus,Hammer throw,2015,HGH,4 years
544,Wioletta Kryza, Poland,Long distance,2002,Testosterone,2 years
545,,,,2012,,8 years
546,Anastassya Kudinova, Kazakhstan,Sprinting,2016,Drostanolone,4 years
547,Anil Kumar, India,Discus throw,2005,Norandrosterone,2 years
548,Eyerusalem Kuma, Ethiopia,Long distance,2013,EPO,2 years
549,Kagisho Kumbane, South Africa,Sprinting,2012,Norandrosterone,2 years
550,Yeliz Kurt, Turkey,Middle distance,2013,Stanozolol,2 years
551,Damian Kusiak, Poland,Shot put,2012,Stanozolol,2 years
552,Olga Kuzenkova, Russia,Hammer throw,2004,"Formestane, Hydroxytestosterone",2 years
553,,,,(Sample retested 2012),,
554,Mikko Kyyrö, Finland,Discus throw,2007,Methylprednisolone,Public warning
555,Abdelhadi Labäli, Morocco,Middle distance,2012,Biological passport,2 years
556,Soumiya Labani, Morocco,"Long distance, cross country",2003,Nandrolone,2 years
557,Florent Lacasse, France,Middle distance,2007,Testosterone precursors,2 years
558,Amine Laâlou, Morocco,Middle distance,2012,Furosemide,2 years
559,,,,2016,EPO,8 years
560,Aziz Lahbabi, Morocco,Long distance,2011,Methylhexanamine,6 months
561,Laiyuan Gao, China,Long distance,2012,Anabolic steroids,2 years
562,Burger Lambrechts, South Africa,Shot put,2001,Stanozolol,2 years
563,Enrique Llanos, Puerto Rico,Hurdling,2008,Stanozolol,2 years
564,Elena Lashmanova, Russia,Race walking,2014,GW1516,2 years
565,Svetlana Laukhova, Russia,Hurdling,2001,,
566,Bola Gee Lawal, Nigeria,Sprinting,2010,Methandienone,2 years
567,Jeff Laynes, United States,Sprinting,2001,Stanozolol,2 years
568,Yuliya Leantsiuk, Belarus,Shot put,2008,Testosterone,2 years
569,Suzette Lee, Jamaica,Triple jump,2005,Salbutamol,Public warning
570,Mikhail Lemaev, Russia,Marathon,2009,Biological passport,2 years
571,Assunta Legnante, Italy,Shot put,2000,,Public warning
572,Asmae Leghzaoui, Morocco,Middle distance,2003,EPO,2 years
573,Aleksey Lesnichiy, Belarus,High jump,2004,Clenbuterol,2 years
574,Mikołaj Lewański, Poland,Sprinting,2007,Cannabis,Public warning
575,Carl Lewis, United States,"Sprinting, long jump",,"Pseudoephedrine, ephedrine, phenylpropanolamine (inadvertent use)",
576,Mark Lewis-Francis, Great Britain,Sprinting,2005,Cannabis,Public warning
577,Li Ji, China,Long distance,2001,,2 years
578,Elmar Lichtenegger, Austria,Hurdling,2003,Nandrolone,15 months
579,,,,2007,Norandrosterone,Life ban
580,Lim Eun-ji, South Korea,Pole vault,2010,"Hydrochlorothiazide, Chlorothiazide",3 months
581,Lim Hee-nam, South Korea,Sprinting,2011,Methylhexaneamine,6 months
582,Lin Na, China,Middle distance,2002,,2 years
583,Piotr Lisek, Poland,Pole vault,2012,Methylhexaneamine,6 months
584,Lin Yili, China,,,,
585,Liu Hong, China,Race walk,2016,Higenamine,1 month
586,Liu Huyuan, China,Long distance,2002,,2 years
587,Liu Jing, China,Hurdling,2001,Refusal to submit to doping control,2 years
588,Liu Yunfeng, China,Race walking,2001,,
589,Jason Livingston, Great Britain,Sprinting,1992,Methandienone,4 years
590,Jud Logan, United States,Hammer throw,1992,Clenbuterol,4 years
591,Cathal Lombard, Ireland,Middle distance,2004,EPO,2 years
592,Andrea Longo, Italy,Middle distance,2001,Nandrolone,2 years
593,Gilmar Lopes, Brazil,Long distance,2014,Hydrochlorothiazide,1 year
594,Juan Miguel López, Cuba,Triple jump,1986,,
595,Wilson Loyanae, Kenya,Long distance,2012,EPO,2 years
596,Chris Lukezic, United States,Middle distance,2010,Refusal to submit to doping control,2 years
597,Nataliia Lupu, Ukraine,Middle-distance,2014,Methylhexaneamine,9 months
598,Lü Huihui, China,Javelin throw,2013,,1 year
599,Vyacheslav Lykho, Soviet Union,Shot put,1990,Pseudoephedrine,
600,Tatyana Lysenko, Russia,Hammer throw,2007,6α-methylandrostendione,2 years
601,Kaarlo Maaninka, Finland,Long distance,1980,Self admittance:,—
602,,,,,Blood transfusioins (not illegal at the time),
603,Remigius Machura (born 1960), Czechoslovakia,Shot put,1985,Stanozolol,2 years (Reduced from life ban)
604,,,,1981–,Self admittance: Anabolic steroids,—
605,Remigius Machura (born 1986), Czech Republic,Shot put,2010,HGH,2 years
606,Colin Mackenzie, Great Britain,Javelin throw,1994,,3 months
607,Simon Magakwe, South Africa,Sprinting,2014,Refusal to submit to doping control,2 years
608,Maurren Maggi, Brazil,Long jump,2003,Clostebol,2 years
609,Mike Mahovlich, Canada,Javelin throw,1986,,
610,Edi Maia, Portugal,Pole vault,2008,Cannabis,"Public warning, disqualification from events"
611,Pascal Mancini,  Switzerland,Sprinting,2011,Undisclosed,Public warning
612,,,,2012,Norandrosterone,2 years
613,Luvo Manyonga, South Africa,Long jump,2012,Methamphetamine,18 months
614,Irina Maracheva, Russia,Middle distance,2012,Biological passport,2 years
615,Pascal Maran, France,Hurdling,1997,Ephedrine,Public warning and disqualification
616,Natalia Mărășescu, Romania,Middle distance,1979,Anabolic steroids,8 months
617,Brian Mariano, Netherlands,Sprinting,2016,Stanozolol,4 years
618,Martin Marić, Croatia,Discus throw,2014,Ostarine (SARMs),2 years
619,Itay Margalit, Israel,High jump,1999,Nandrolone,
620,Marina Marghieva, Moldova,Hammer throw,2012,Stanozolol,2 years
621,Zalina Marghieva, Moldova,Hammer throw,2009 {Retested 2013),"Dehydrochloromethyltestosterone, stanozolol",2 years
622,Dzmitry Marshin, Azerbaijan,Hammer throw,2015,Dehydrochloromethyltestosterone,4 years
623,LaVonna Martin-Floreal, United States,Hurdling,1991,Furosemide,14 months (Reduced from 2 years)
624,David Martínez, Spain,Discus throw,1997,Nandrolone,2 years
625,Yousef Masrahi, Saudi Arabia,Sprinting,2016,EPO,4 years
626,Maude Mathys,  Switzerland,Ultramarathon/Ski mountaineering,2015,Clomifene,Public warning
627,Richard Mavuso, South Africa,Long distance,2011,Norandrosterone,2 years
628,Natasha Mayers, Saint Vincent and the Grenadines,Sprinting,2005,T/E-4,2 years
629,Eduard Mbengani, Portugal,Middle/Long distance,2010,EPO,2 years
630,John McEwen, United States,Hammer throw,2003,"Tetrahydrogestrinone, Modafinil",2 years
631,Mark McKoy, Canada,Hurdling,1980's,Self admittance of steroid use (Dubin inquiry),2 years
632,Inika McPherson, United States,High jump,2014,Benzoylecgonine,21 months
633,Ekaterina Medvedeva, Russia,Race Walking,2013,EPO,2 years
634,Nijolė Medvedeva, Lithuania,Long jump,1992,Mesocarb,
635,Fathi Meftah, Algeria,Long distance,2008,Norandrosterone,2 years
636,Irina Meleshina, Russia,Long jump,2012,Testosterone,2 years
637,Jimmy Melfort, France,Sprinting,2012,Methylhexaneamine,3 months
638,Mihaela Melinte, Romania,Hammer throw,2000,Nandrolone,2 years
639,Miroslav Menc, Czech Republic,Shot put,1998,Stanozolol,2 years
640,,,,2001,Norandrosterone,Life ban
641,Amewu Mensah, Germany,High jump,2001,Oxandrolone,2 years
642,LaShawn Merritt, United States,Sprinting,2009/2010,Testosterone,21 months
643,Elena Meuti, Italy,High jump,2012,Tetrahydrocannabinol,5 months
644,Karin Mey Melis, Turkey,Long jump,2012,Testosterone,2 years
645,Gabriela Mihalcea, Romania,High jump,1987,,2 years
646,Andrei Mikhnevich, Belarus,Shot put,2001,Human chorionic gonadotropin,2 years
647,,,,2005 (Retested in 2012),"Clenbuterol, Methandienone, Oxandrolone",Life ban
648,Natallia Mikhnevich, Belarus,Shot put,2013,Stanozolol,2 years
649,Inger Miller, United States,Sprinting,1999,Caffeine,Public warning
650,Tatyana Mineeva, Russia,Race walking,2011,Biological passport anomalies,2 years
651,Ildar Minshin, Russia,Steeplechase,2009,Biological passport anomalies,2 years
652,Yevgeniy Mironov, Soviet Union,Shot put,1978,Anabolic steroids,18 months
653,Anna Mishchenko, Ukraine,Middle distance,2012,Biological passport,2 years
654,Dennis Mitchell, United States,Sprinting,1998,Testosterone,2 years
655,,,,BALCO scandal,Admittance in court: HGH,—
656,Diane Modahl, United Kingdom,Middle distance,1994,Testosterone,Fully exonerated
657,Ofentse Mogawane, South Africa,Sprinting,2006,Methylprednisolone,Public warning
658,Ghofrane Mohammad, Syria,Hurdling,2012,Methylhexaneamine,6 months
659,Felicia Moldovan, Romania,Javelin throw,1990,,2 years
660,(Felicia Tilea),,,,,
661,Tim Montgomery, United States,Sprinting,2001,"BALCO investigation: Steroids, HGH",2 years
662,,,,2000,"Public admittance in 2008: Testosterone, HGH",
663,Amantle Montsho, Botswana,Sprinting,2014,Methylhexaneamine,2 years
664,Luis Morales, Puerto Rico,Sprinting,1988,,2 years
665,Sara Moreira, Portugal,Long-distance,2011,Methylhexaneamine,6 months
666,Edder Moreno, Colombia,Shot put,2014,Stanozolol,2 years
667,Sheryl Morgan, Jamaica,Sprinting,2003,,Public warning
668,Sergey Morozov, Russia,Race walking,2008,EPO,2 years
669,,,,2011,Biological passport anomalies,Life ban
670,Ramolefi Motsieloa, Lesotho,Long distance,2014,Methylhexaneamine,2 years
671,William Motti, France,Decathlon,1989,,2 years
672,Bertrand Moulinet, France,Race walking,2015,FG-4592 (HIF inhibitor),4 years
673,Hassan Mourhit, Belgium,Long distance,2008,Anastrozol,2 years
674,Mohammed Mourhit, Belgium,Middle/Long distance,2002,EPO,2 years
675,Gael Mulhall, Australia,"Discus throw, shot put",1981,Anabolic steroids,18 months
676,Ángel Mullera, Spain,Steeplechase,2015,Refusal,2 years
677,Steve Mullings, Jamaica,Sprinting,2004,Testosterone,2 years
678,,,,2011,Furosemide,Life ban
679,Julia Mumbi Muraga, Kenya,Marathon,2014,EPO,2 years
680,Jauna Murmu, India,Sprinting,2011,Methandienone,2 years
681,Sammy Alex Mutahi, Kenya,Long distance,2011,,"Public reprimand, disqualification of result"
682,Elizabeth Muthuka, Kenya,Sprinting,2008,Norandrosterone,2 years
683,Semiha Mutlu, Turkey,Race walk,2011,Biological passport,2 years and 6 months
684,Semiha Metlu-Ozdemir,,,,,
685,Carl Myerscough, Great Britain,Shot put,1999,Anabolic steroids,2 years
686,Melissa Myerscough (née Melissa Price), United States,Hammer throw,2003,THG,2 years
687,Larry Myricks, United States,Long jump,1990,Phenylpropanolomine,
688,Cédric Nabe,  Switzerland,Sprinting,2011,Whereabouts failure ×3,18 months Extended by CAS from 1 year
689,Rachid Nadij, Morocco,Long distance,2007,Ephedrine,3 months
690,Kaltouma Nadjina, Chad,Sprinting,2009,,Reprimand and disqualification of result
691,Tezzhan Naimova, Bulgaria,Sprinting,2008,Tampering with test,2 years
692,,,,2013,Drostanolone,Life ban
693,Cosmas Ndeti, Kenya,Long distance,1988,Ephedrine,3 months
694,Lisa Nemec, Croatia,Long distance,2015,EPO,4 years
695,John Ngugi, Kenya,Long distance,1993,Missed test,
696,Antoni Niemczak, Poland,Marathon,1986,Nandrolone,2 years
697,Larisa Nikitina, Soviet Union,Heptathlon,1990,Amphetamines,
698,(Larisa Turchinskaya),,,,,
699,Ilja Nikolajev, Estonia,Marathon,2013,Biological passport,2 years
700,Lars Arvid Nilsen, Norway,Shot put,1987,"Probenecid, Anabolic steroids",2 years
701,,,,1992,Metenolone,Life ban
702,Cyrus Njui, Kenya,Long distance,2015,Methylephedrine,8 months
703,Siyabonga Nkonde, South Africa,Cross country running,2014,,6 months
704,Nadia Noujani, Morocco,Long distance,2014,EPO,2 years
705,Jonathan Nsenga, Belgium,Hurdling,1997,Ephedrine,
706,Juan Núñez, Dominican Republic,Sprinting,1983,Fencamfamine,
707,Liliya Nurutdinova, Russia,Middle distance,1993,Stanozolol,4 years
708,Musa Amer Obaid, Qatar,Steeplechase,2006,Testosterone,2 years
709,Al Oerter, United States,Discus throw,1976,Anabolic steroids. (Self-admitted),—
710,Deborah Oluwaseun Odeyemi, Niger,Sprinting,2015,Metenolone,4 years
711,Amaka Ogoegbunam, Nigeria,Sprinting,2009,Metenolone,3 years
712,Femi Ogunode, Qatar,Sprinting,2011,Clenbuterol,2 years
713,Christine Ohuruogu, Great Britain,Sprinting,2006,3 whereabouts failures,1 year
714,Aham Okeke, Norway,Sprinting,1994,"Testosterone, Pseudoephedrine",30 months
715,,,,2006,Testosterone,Life ban
716,Samuel Okon, Nigeria,Hurdling,2010,Methylhexanamine,
717,Iulia Olteanu, Romania,Cross country,1996,Stanozolol,2 years
718,Omolara Omotosho, Nigeria,Sprinting,2009,Metenolone,2 years
719,Mary Onyali-Omagbemi, Nigeria,Sprinting,1996,Ephedrine,3 months
720,Janet Ongera, Kenya,Long distance,2002,Norandrosterone,2 years
721,Josephine Onyia, Spain,Hurdling,2008,"Methylhexaneamine, Clenbuterol",2 years
722,,,,2011,Methylhexaneamine,2 years
723,,,,2015,Metenolone,Life ban
724,Charity Opara, Nigeria,Sprinting,1992,,4 years
725,Helder Ornelas, Portugal,Marathon,2010,Biological passport,4 years
726,Yolanda Osana, Dominican Republic,Hurdling,2012,Stanozolol,2 years
727,Oludamola Osayomi, Nigeria,Sprinting,2010,Methylhexaneamine,
728,Artur Osman, Poland,Long distance,2005,Norandrosterone,2 years
729,Nadzeya Ostapchuk, Belarus,Shot put,2012,Metenolone,4 years
730,,,,2005 (Retested in 2012),"Formestane, 4-Hydroxytestosterone",
731,Hanane Ouhaddou, Morocco,Steeplechase,2009,Biological passport,2 years
732,Lawretta Ozoh, Nigeria,Sprinting,2012,Stanozolol,2 years
733,Noraldo Palacios, Colombia,Javelin throw,2008,Betamethasone,6 months
734,Gergely Palágyi, Hungary,Hurdling,2006,Stanozolol,2 years
735,,,,,,
736,Diego Palomeque, Colombia,400 m,2012,Testosterone,2 years
737,Géza Pauer, Hungary,Sprinting,2006,Boldenone,2 years
738,Vita Pavlysh, Ukraine,Shot put,1999,Stanozolol,2 years
739,,,,2004,Stanozolol,Life ban
740,Yevgeniya Pecherina, Russia,Discus throw,2011,Methandienone,2 years
741,,,,2013,Oral Turinabol,10 years
742,Arne Pedersen, Norway,Shot put,1987,Probenecid,3 years
743,Larisa Peleshenko, Russia,Shot put,1995,Steroid,4 years
744,Lyubov Perepelova, Uzbekistan,Sprinting,2005,Hydrochloromethyltestosterone,2 years
745,Vanja Perišić, Croatia,Middle distance,2008 (Sample re-analysed 2009),CERA,2 years
746,Sandra Perković, Croatia,Discus throw,2011,Methylhexanamine,6 months
747,Asko Pesonen, Finland,High jump,1977,Anabolic steroid,1 year
748,Tetiana Petlyuk, Ukraine,Middle distance,2009,Biological passport anomalies,2 years
749,Antonello Petrei, Italy,Long distance,2007,NESP (EPO),2 years
750,Totka Petrova, Bulgaria,Middle distance,1979,Anabolic steroids,8 months
751,Antonio Pettigrew, United States,400 m,1997–2001,"Admittance in court: HGH, EPO",2 years
752,Denis Petushinskiy, New Zealand,Pole vault,1998,Stanozolol,4 years
753,Lebogang Phalula, South Africa,Cross country running,2011,Methylhexaneamine,1 year (Extended from 3 months)
754,Chris Phillips, United States,110 m hurdles,2003,Modafinil,Public warning
755,Amaia Piedra, Spain,Long distance,2005,EPO,2 years
756,Bruce Pirnie, Canada,Shot put,,Self admittance (Dubin inquiry): Steroids,
757,Darya Pishchalnikova, Russia,Discus throw,2007,Fraudulent substitution of urine,33 months
758,,,,2012,Oxandrolone,10 years
759,Vladyslav Piskunov, Ukraine,Hammer trow,1994,Drostanolone,Life ban
760,,,,2005,,
761,Darya Pizhankova, Ukraine,Sprinting,2011,Stanozolol,2 years
762,,,,2013,Drostanolone,Life ban
763,Maurie Plant, Australia,Manager,,Official who substituted one athlete's urine for another prior to a test.,
764,Daniel Plaza, Spain,Race walking,1996,Nandrolone,2 years
765,Ben Plucknett, United States,Discus throw,1981,Anabolic steroids,
766,Hristos Polihroniou, Greece,Hammer throw,2005,Clomiphene,2 years
767,,,,2008,Refusal to submit to doping control,Life ban
768,Dmitriy Polyunin, Uzbekistan,Javelin throw,1993,Stanozolol,
769,Liliana Popescu, Romania,Middle distance,2008,EPO,2 years
770,Svetlana Pospelova, Russia,400 m,2000,Stanozolol,2 years
771,Asafa Powell, Jamaica,Sprinting,2013,Oxilofrine,6 months
772,Donovan Powell, Jamaica,Sprinting,1995,Ephedrine,3 months
773,Kofi Amoah Prah, Germany,Long jump,2008,Cocaine,2 years
774,,,,2009,Competing while banned,2 years
775,Iva Prandzheva, Bulgaria,Triple jump/Long jump,1996,Methandrostenolone,2 years (Reduced from 4)
776,,,,2000,Nandrolone,Life ban
777,Callum Priestley, Great Britain,Hurdling,2010,Clenbuterol,2 years
778,Marin Premeru, Croatia,Shot put,2016,GHRP-2,4 years
779,Yelena Prokhorova, Russia,Heptathlon,2005,,1 year
780,Marcelo Pugliese, Argentina,Discus throw,2006,Stanozolol,2 years
781,Susanne Pumper, Austria,Long distance,2008,EPO,2 years
782,,,,2013,Possession of a Prohibited Substance,8 years
783,Yekaterina Puzanova, Russia,Middle distance,2003,"Norandrosterone, androstenedione",2 years
784,Nataliya Pyhyda, Ukraine,Sprinting,2009,Stanozolol,2 years
785,Paul Quirke, Ireland,Shot put,1987,Missed test,
786,Nikolay Raev, Bulgaria,Triple jump,1993,Amphetamine,
787,Ebrahim Rahimian, Iran,Race walk,2013,"Testosterone, EPO",2 years
788,Paweł Rakoczy, Poland,Javelin throw,2008,Sibutramine,Public warning
789,Sara Ramadhani, Tanzania,Cross country running,2014,Isometheptene,2 years
790,Rashid Ramzi, Bahrain,Middle distance,2008 {Re-analysed in 2009),CERA,2 years
791,Allison Randall, Jamaica,Discus throw,2013,Hydrochlorothiazide,2 years
792,Kevin Rans, Belgium,Pole vault,2009,Corticosteroids,3 months
793,Meliz Redif, Turkey,Sprinting,2012,Biological passport,3 years
794,Dimitrios Regas, Greece,Sprinting,2008,Methyltrienolone,2 years
795,Julio Rey, Spain,Long distance,1999,Mesterolone,2 years
796,Butch Reynolds, United States,Sprinting,1990,Anabolic steroids,2 years
797,Antoine Richard, France,Sprinting,1987,,2 years
798,Mark Richardson, Great Britain,Sprinting,1999,Nandrolone,18 months (reduced from 2 years)
799,Elisa Rigaudo, Italy,Race walking,2002,Caffeine,Public warning
800,Hristina Risteska, Macedonia,Sprinting,2015,"Stanozolol, methandienone, norandrosterone",4 years
801,José Rocha, Portugal,Long distance,2010,Biological passport anomalies,2 years
802,Mike Rodgers, United States,Sprinting,2011,Methylhexaneamine,9 months
803,Rosa America Rodríguez, Venezuela,Long distance,2010,Nandrolone,2 years
804,Zudikey Rodríguez, Mexico,Sprinting,2010,Methylhexanamine,6 months
805,Marielis Rojas, Venezuela,High jump,2011,Norandrosterone,2 years
806,Fabrício Romero, Brazil,High jump,2000,,Public warning
807,Anália Rosa, Portugal,Long distance,2015,Methylprednisolone,2 years
808,Danuta Rosani, Poland,Discus throw,1976,Steroids,
809,Ak Hafiy Tajuddin Rositi, Brunei,Sprinting,2013,Nandrolone,2 years
810,Duane Ross, United States,Hurdling,2001,"Possession, trafficking, attempted use",2 years
811,,,,,(BALCO scandal),
812,Joshua Ross, Australia,Sprinting,2013,3 Whereabouts Failures within an 18-month period,1 year and 6 months
813,Serene Ross, United States,Javelin throw,2005,"Hydrochlorothiazide, Triamterene",2 years
814,Mark Rowe, United States,Sprinting,1989,Methyltestosterone,2 years
815,Yuliya Ruban, Ukraine,Marathon,2012,Biological passport,2 years
816,Andrey Rudnitskiy, Russia,Sprinting,2008,"Carphedon, cannabis",2 years
817,Timothy Rusan, United States,Triple jump,2004,"Tetrahydrocannabinol, Salbutamol",Public warning
818,Yuliya Rusanova, Russia,Middle distance,2011,Biological passport anomalies,2 years
819,Ronald Rutto, Kenya,Long distance,2012,EPO,2 years
820,Andrey Ruzavin, Russia,Race walking,2011,Biological passport anomalies,2 years and 6 months
821,Yelena Ryabova, Turkmenistan,Sprinting,2013,Dehydrochloromethyltestosterone,2 years
822,Mariya Ryemyen, Ukraine,Sprinting,2014,Methandienone,2 years
823,Kseniya Ryzhova, Russia,Sprinting,2014,Trimetazidine,9 months
824,Natalya Sadova, Russia,Discus throw,2001,Caffeine,Public warning
825,,,,2006,Methandienone,2 years
826,Darya Safonova, Russia,Sprinting,2005,Pemoline,2 years
827,Jan Sagedal, Norway,Shot put,1987,Probenecid,2 years
828,,,,1992,Methandienone,4 years
829,Tuğçe Şahutoğlu, Turkey,Hammer throw,2013,Stanozolol,2 years
830,Ali Saïdi-Sief, Algeria,Long distance,2001,Nandrolone,2 years
831,Jaysuma Saidy Ndure, Norway,Sprinting,2007,Cannabis,"Public warning, disqualification of results"
832,Pınar Saka, Turkey,Sprinting,2010,Biological passport,3 years
833,Mounira Al-Saleh, Syria,Sprinting,2005,Stanozolol,2 years
834,,,,2010,Stanozolol,Life ban
835,Jeremias Saloj, Guatemala,Long-distance,2013,EPO,2 years
836,Sergio Sanchez, Spain,Long distance,2013,EPO,2 years
837,Leevan Sands, Bahamas,Triple jump,2006,Levmetamfetamine,6 months
838,Fabiane dos Santos, Brazil,Middle distance,1995,Nandrolone,4 years
839,,,,2001,Testosterone,Life ban
840,Leonardo Elisiário dos Santos, Brazil,Triple jump,2009,Stanozolol,2 years
841,Vladimir Sasimovich, Belarus,Javelin throw,2004,Stanozolol,2 years
842,Lindsey Scherf, United States,Long distance,2007,Refusal to submit to doping control,1 year
843,Alex Schwazer, Italy,Race walking,2012,EPO,42 months
844,,,,2012,Evading doping control,3 months
845,,,,2016,Anabolic steroid,8 years
846,Dorian Scott, Jamaica,Shot put,2006,Cannabis,Public warning
847,Gregory Sedoc, Netherlands,Hurdling,2011,3 whereabouts failures,1 year
848,Hezekiél Sepeng, South Africa,Middle distance,2005,Norandrosterone,2 years
849,Mustapha Sdad, Morocco,Hurdling,2002,,3 years
850,Mohammed Shaween, Saudi Arabia,Middle distance,2011,Biological passport,3 years
851,Tony Sharpe, Canada,Sprinting,1980s,Self admittance of steroid use (Dubin inquiry),
852,Anzhelika Shevchenko, Ukraine,Middle distance,2011,Biological passport,2 years
853,Dmitriy Shevchenko, Russia,Discus throw,1995,Metandienone metabolite,4 years
854,Olga Shishigina, Kazakhstan,Hurdling,1996,Stanozolol,2 years (Reduced from 4 years)
855,Olga Shchukina, Uzbekistan,Shot put,2004,Clenbuterol,2 years
856,Oleksiy Shelest, Ukraine,Race walking,2009,Carphedon,2 years
857,Natalya Shekhodanova, Russia,Hurdling,1996,Stanozolol,2 years
858,,,,2004,Stanozolol,Life ban
859,Svitlana Shmidt, Ukraine,Middle distance,2012,Biological passport,4 years
860,Liliya Shobukhova, Russia,Marathon,2009,Biological passport,2 years and 7 months
861,,,,,,(Reduced from 3 years and 2 months)
862,Marina Shmonina, Russia,Sprinting,1993,Stanozolol,4 years
863,Sadaf Siddiqui, Pakistan,Sprinting,2010,,2 years
864,Ileana Silai, Romania,Middle distance,1979,Anabolic steroids,8 months
865,Zdeňka Šilhavá, Czechoslovakia,Discus throw,1985,Anabolic Steroids,18 months (Reduced from life ban)
866,Fernando Silva, Portugal,Long distance,2006,EPO,2 years
867,,,,2013,Biological passport,8 years
868,Lucimara da Silva, Brazil,Heptathlon,2009,EPO,2 years
869,Simone Alves da Silva, Brazil,Long-distance track running,2010,Oxilofrine,3 months
870,,,,2011,EPO,5 years
871,Boštjan Šimunic, Slovenia,Triple jump,2006,Drostanolone,2 years
872,Sherone Simpson, Jamaica,Sprinting,2013,Oxilofrine,6 months
873,Neelam Jaswant Singh, India,Discus throw,2005,Pemoline,2 years
874,George Skafidas, Greece,Coach,,"Tampering, possession of a prohibited substance, trafficking and administration of a prohibited substance",Life ban
875,German Skurygin, Russia,Race walking,1999,Human chorionic gonadotrophin,2 years
876,Ilona Slupianek, East Germany,Shot put,1977,Nandrolone,1 year
877,Irina Slyusar, Soviet Union,Sprinting,1991,Strychnine,3 months
878,Traves Smikle, Jamaica,Discus Throw,2013,Hydrochlorothiazide,2 years
879,Yelena Soboleva, Russia,Middle distance,2007,Fraudulent substitution of urine,33 months
880,Carolin Soboll, Germany,Javelin throw,2000,Nandrolone,2 years
881,Michael Sokolowski, Canada,Sprinting,1980s,Self admittance of steroid use (Dubin inquiry),
882,Vasiliy Sokov, Russia,Triple jump,1995,Ephedrine,3 months
883,Natallia Solohub, Belarus,Sprinting,2001,Norandrosterone,2 years
884,Song Hongjuan, China,Race walking,2008,EPO,4 years
885,Song Liqing, China,Long distance,2001,,2 years
886,Anastasiya Soprunova, Kazakhstan,Hurdling,2016,Stanozolol,4 years
887,Dmitriy Sorokin, Russia,Triple jump,2011,Carphedon,2 years
888,Javier Sotomayor, Cuba,High jump,1999,Cocaine,1 year (Reduced from 2 years)
889,,,,2001,Nandrolon,
890,João Gabriel Sousa, Brazil,Pole vault,2009,"Exemestane, boldenone",2 years
891,Wallace Spearmon, United States,Sprinting,2014,Methylprednisolone,3 months
892,Lansford Spence, Jamaica,Sprinting,2009,Methylhexanamine,3 months
893,Tânia Spindler, Brazil,Race walking,2012,Isometheptene,Public reprimand
894,Gundega Sproģe, Latvia,Triple jump,1999,Anabolic steroid,2 years
895,Vania Stambolova, Bulgaria,Hurdling,2007,Testosterone,2 years
896,Michalis Stamatogiannis, Greece,Shot put,2014,Stanozolol,2 years
897,Claudia Ștef, Romania,Race walking,2000,Nandrolone,2 years
898,(Claudia Iovan),,,,,
899,Ato Stephens, Trinidad and Tobago,Sprinting,2009,"Oxandrolone, Stanozolol and Tamoxifen",2 years
900,Ray Stewart, Jamaica,Coach,2010,Trafficking and administering of prohibited substances,Life ban
901,Elena Stoyanova, Bulgaria,Shot put,1978,Anabolic steroids,18 months
902,Mike Stulce, United States,Shot put,1990,Testosterone,2 years
903,,,,1993,Mestanolone,Life ban
904,Sui Xinmei, China,Shot put,1991,Steroids,2 years
905,Sun Yingjie, China,Long distance,2005,Androsterone,2 years
906,Lars Sundin, Sweden,Discus throw,1987,Testosterone,18 months
907,Göran Svensson, Sweden,Discus throw,1987,Testosterone,18 months
908,Art Swarts, United States,Discus throw,1986,Testosterone,banned
909,Luketz Swartbooi, Namibia,Long distance,2005,"Prednisolone, prednisone",Public warning
910,Olesya Syreva, Russia,Middle distance,2011,Biological passport,2 years
911,,,,2015,Metenolone,8 years
912,Attila Szabó, Hungary,Decathlon,2013,3 whereabouts failures,1 year
913,Gina Coello Tache, Honduras,Marathon,2001,Nandrolone,2 years
914,Gregg Tafralis, United States,Shot put,1995,Methandienone,2 years
915,,,,1999,,(Reduced from 4 years)
916,,,,,,Life ban
917,Teddy Tamgho, France,Triple jump,2014,3 whereabouts failures,1 year
918,William Tanui, Kenya,Middle distance,1993,Ephedrine,
919,Yoel Tapia, Dominican Republic,Sprinting,2012,Methylhexaneamine,6 months
920,Kory Tarpenning, United States,Pole vault,1997,Anabolic steroids,2 years
921,Angella Taylor-Issajenko, Canada,Sprinting,1979–1988,Self admittance of steroid use (Dubin inquiry):,Loss of national and world records
922,,,,,"metandienone, oxandrolone, metenolone enanthate, nandrolone, human growth hormone, L-dopa, testosterone, Inosine, Furazabol",
923,Gladys Tejeda, Peru,Long distance,2015,Furosemide,6 months
924,Lucimar Teodoro, Brazil,Hurdling,2009,Fenproporex,2 years
925,Olga Tereshkova, Kazakhstan,400 metres,2011,Testosterone,2 years
926,,,,2014,Methyltestosterone,Life ban
927,Ana Mirela Ţermure, Romania,Javelin throw,2001,Norandrosterone,2 years
928,Ekaterini Thanou, Greece,Sprinting,2004,Missed tests,2 years
929,James Kibocha Theuri, France,Long distance,2014,Whereabouts failures,1 year
930,Cheryl Thibedeau, Canada,Sprinting,1987,Self admittance of steroid use (Dubin inquiry),2 years
931,,,,1992,,Life ban
932,Tsholofelo Thipe, South Africa,Sprinting,2012,"Norandrosterone, testosterone",2 years
933,Eric Thomas, United States,Hurdling,2003,Modafinil,Disqualification and public warning
934,Susen Tiedtke, Germany,Long jump,1995,Turinabol,2 years
935,Khalid Tighazouine, Morocco,Middle distance,2004,Nandrolone,2 years
936,Ville Tiisanoja, Finland,Shot put,2006,Testosterone,2 years
937,Irina Timofeyeva, Russia,Marathon,2009,Bilogical passport,2 years
938,Josiane Tito, Brazil,Sprinting/Middle distance,2009,EPO,2 years
939,Mamorallo Tjoka, Lesotho,Long distance,2014,"Norandrosterone, Clenbuterol, Methylhexaneamine, Ephedrine and Prednisolone",2 years
940,Nadiya Tkachenko, Soviet Union,Pentathlon,1978,Anabolic steroids,18 months
941,Nataliya Tobias, Ukraine,Middle distance,2011,Testosterone,2 years
942,Ambesse Tolosa, Ethiopia,Long distance,2008,Morphine,2 years
943,Tatyana Tomashova, Russia,Middle distance,2007,Fraudulent substitution of urine,33 months
944,Dragutin Topić, Serbia and Montenegro,High jump,2001,Nandrolone,2 years
945,Kevin Toth, United States,Shot put,2003,THG,2 years
946,Laïla Traby, France,Long distance,2014,EPO and refusal,3 years
947,Silvana Trampuz, Australia,Long distance,2001,Nandrolone,2 years
948,Marina Trandenkova, Russia,Sprinting,1996,Bromantane,Reprimand
949,Alex Trembach, Israel,Sprinting,2008,Norandrosterone,2 years
950,Ivan Tsikhan, Belarus,Hammer throw,2004 (Sample retested 2012),Methandienone,2 years
951,Maria Tsirba, Greece,Middle distance,2003,"EPO, Ephedrine",2 years
952,Athanasia Tsoumeleka, Greece,Race walking,2008,CERA,2 years
953,Lyubov Tsyoma, Russia,Middle distance,1997,Stanozolol,2 years
954,(Lyubov Kiryukhina-Tsyoma),,,,,
955,Markku Tuokko, Finland,Shot put/,1977,Anabolic steroid,1 year
956,,,Discus throw,,,
957,Erik Tysse, Norway,Race walking,2010,CERA,2 years
958,Romas Ubartas, Lithuania,Discus throw,1993,Boldenone,4 years
959,,,,2002,Boldenone,
960,Giampaolo Urlando, Italy,Hammer throw,1984,Testosterone,
961,Sergiu Ursu, Romania,Discus throw,2004,Nandrolone,2 years
962,,,,2013,Norandrosterone,2 years
963,Binnaz Uslu, Turkey,Running,2007,Testosterone,2 years
964,,,,2011 (sample re-analysed 2013),Stanozolol,Life ban
965,Roman Usov, Russia,Steeplechase,2008,Carphedon,2 years
966,Jaanus Uudmäe, Estonia,Triple/long jump,2007,Sibutramine,Public warning
967,Martti Vainio, Finland,Long distance,1984,Positive test: Metenolone,18 months
968,,,,1983–1984,"Self admittance: Blood transfusions, Testosterone",(Reduced from life ban)
969,Euclides Varela, Cape Verde,Long distance,2012,3 whereabouts failures,18 months
970,Roland Varga, Hungary,Discus throw,2006,Boldenone,2 years
971,Andrei Varantsou, Belarus,Hammer throw,2005 (Sample retested 2012),"Clomiphene, Oxandrolone",4 years
972,,,,Jan-13,Oral Turinabol,Life ban
973,,,,Oct-13,Oral Turinabol,
974,Sebastian Varga, Romania,,2006,Stanozolol,2 years
975,,,,2009,Metabolites of metandienone,8 years
976,Aleksandr Vashchilo, Belarus,Hammer throw,2005,Cannabis,Public warning
977,Cristina Vasiloiu, Romania,Middle distance,2008,EPO,
978,Nikolai Vedehin, Estonia,Middle distance,2015,Trimetazidine,4 years
979,Velko Velev, Bulgaria,Hammer throw,1975,Anabolic steroids,
980,Michael Velter, Belgium,Triple jump,2006,Cannabis,3 months
981,,,,2011,Cannabis,21 months
982,Venelina Veneva, Bulgaria,High jump,2007,Testosterone,2 years
983,Oksana Verner, Kazakhstan,Middle distance,2010,Stanozolol,2 years
984,Anna Verouli, Greece,Javelin throw,1984,Nandrolone,
985,Ioan Vieru, Romania,Sprinting,2004,Stanozolol,2 years
986,Saurav Vij, India,Shot put,2010,Methylhexaneamine,2 years
987,Igor Vinichenko, Russia,Hammer throw,2013,Dehydrochloromethyltestosterone,2 years
988,Roman Virastyuk, Ukraine,Shot put,1991,,
989,Innis Viviers, South Africa,Sprinting,2003,Stanozolol,2 years
990,,,,2005,Stanozolol,Life ban
991,Aleksey Voyevodin, Russia,Race walking,2008,EPO,2 years
992,Nadezhda Vorobieva, Russia,Middle distance,2004,Pemoline,2 years
993,Letitia Vriesde, Suriname,Middle distance,2003,Caffeine,Public warning
994,Yevhen Vynohradov, Ukraine,Hammer throw,2009,Nandrolone,2 years
995,Larry Wade, United States,Hurdling,2004,19-Norandrosterone,2 years
996,Alwin Wagner, West Germany,Discus throw,1977–1987,Self admittance: Steroids,—
997,Erick Walder, United States,Long jump,2004,"Amphetamine, Methamphetamine",2 years
998,Aleksander Waleriańczyk, Poland,High jump,2003,Caffeine,Public warning
999,Douglas Walker, Great Britain/ Scotland,Sprinting,1998,Nandrolone,2 years
1000,Delisa Walton-Floyd, United States,Middle distance,1991,Amphetamine,4 years
1001,Wang Jiali, China,Marathon,2012,Biological passport,2 years
1002,Wang Jing, China,Sprining,2009,Epitestosterone,4 years
1003,Wang Lina, China,Long jump,2005,Norandrosterone,2 years
1004,Wang Shizhu, China,Hammer throw,2013,,Public reprimand
1005,Gareth Warburton, United Kingdom,Middle distance,2014,"17α-methyl-5 β-androstane-3α,17β-diol",6 months
1006,Solomon Wariso, Great Britain/ England,Sprinting,1994,Ephedrine,3 months
1007,Wei Yanan, China,Long distance,2002,,2 years
1008,Renward Wells, Bahamas,Sprinting,2002,,2 years
1009,Joan Wenzel, Canada,Middle distance,1975,Ephedrine,
1010,Kelli White, United States,Sprinting,2003,Positive test: Modafinil,2 years
1011,,,,2000–2003,"BALCO scandal/Admission: THG, EPO",
1012,Janine Whitlock, Great Britain,Pole vault,2002,Methandienone,2 years
1013,Bobby-Gaye Wilkins, Jamaica,Sprinting,2010,Andarine (SARMs),2 years
1014,Bernard Williams, United States,Sprinting,2004,Cannabis,Public warning
1015,Christopher Williams, Jamaica,Sprinting,2009,Amphetamine and levmetamphetamine,2 years
1016,Desai Williams, Canada,Sprinting,1980s,Self admittance of steroid use (Dubin inquiry),
1017,Diane Williams, United States,Sprinting,,Self admittance: Anabolic steroids,—
1018,Ivory Williams, United States,Sprinting,2010,Cannabis,3 months
1019,Rhys Williams, United Kingdom,Hurdling,2014,"17β-hydroxyestra-4,9-diene-3-one",4 months
1020,Tameka Williams, Saint Kitts and Nevis,Sprinting,2012,Possession and use or attempted,3 years
1021,,,,,use of prohibited substance or method,
1022,Solange Witteveen, Argentina,High jump,2001,Pemoline,2 years
1023,Anna Włodarczyk, Poland,Long jump,1982,,
1024,Xiong Qiying, China,Long jump,1997,,
1025,Mariya Yakovenko, Russia,Javelin throw,2013,Dehydrochloromethyltestosterone,2 years
1026,Nevin Yanit, Turkey,Hurdling,2013,Stanozolol,3 years
1027,,,,,Testosterone,
1028,,,,,Biological passport,
1029,Oksana Yarygina, Russia,Javelin throw,2005,Metandienone (Dianabol),2 years
1030,Iryna Yatchenko, Belarus,Discus throw,2004,Methandienone,2 years
1031,,,,(Sample retested in 2012),,
1032,Antonina Yefremova, Ukraine,Sprinting,2012,Testosterone,2 years
1033,Olga Yegorova, Russia,Distance,2007,Tampering: Fraudulent substitution of urine,33 months
1034,Igor Yerokhin, Russia,Race walking,2008,EPO,2 years
1035,,,,2013,Biological passport,Life ban
1036,Vasiliy Yershov, Soviet Union,Javelin throw,1978,Anabolic steroids,18 months
1037,Elif Yildirim, Turkey,Sprinting,2013,Dehydrochloromethyltestosterone,2 years
1038,Yin Anna, China,Steeplechase,2014,EPO,2 years
1039,Daniela Yordanova, Bulgaria,Middle distance,2008,Testosterone,2 years
1040,Lyudmyla Yosypenko, Ukraine,Heptathlon,2011,Biological passport,4 years
1041,Jerome Young, United States,Sprinting,1999,Nandrolon,Life ban (2nd ADRV)
1042,,,,2004,EPO,
1043,Nailiya Yulamanova, Russia,Marathon,2009,Biological passport,2 years
1044,Irina Yumanova, Russia,Race walking,2014,SARMs,2 years
1045,Andriy Yurin, Ukraine,Race walking,2008,3 whereabouts failures,1 year
1046,Fatima Yvelain, France,Long distance,2012,EPO,2 years
1047,Aziz Zakari, Ghana,Sprinting,2006,Stanozolol,2 years
1048,Joyce Zakari, Kenya,Sprinting,2015,Furosemide,4 years
1049,Joy Nakhumicha Sakari,,,,,
1050,Mahdi Zamani, Iran,400 m,2011,Methandienone,2 years
1051,Carmen Zamfir-Gilhase, Romania,Hurdling,2004,Stanozolol,2 years
1052,Ruddy Zang Milama, Gabon,Sprinting,2014,,7 months
1053,Yuliya Zaripova, Russia,Steeplechase,2011,Biological passport abnormalities,2 years and 6 months
1054,Oksana Zelinskaya, Kazakhstan,Triple jump,1997,Ephedrine,Public warning and disqualification
1055,Olha Zemlyak, Ukraine,Sprinting,2009,Norandrosterone,2 years
1056,Zhang Qi, China,Shot put,2008,Anabolic agent,4 years
1057,Zhou Tianhua, China,Shot put,1993,,
1058,Zhou Wei, China,Sprinting,2000,,2 years
1059,Zohar Zimro, Israel,Marathon,2012,,Public reprimand
1060,Yevgeniya Zinurova, Russia,Middle distance,2010,Biological passport abnormalities,2 years
1061,Khalid Zoubaa, France,Long distance,2007,EPO,3 years
1062,Ellina Zvereva, Belarus,Discus throw,1992,Steroids,