Name,Date of Birth,Nationality,Role,Sex,Discipline 1,Discipline 2,Date of Infraction,Sanction,Ineligibility until,Period of Disqualification of results,Lifetime Ban?,Infraction Type,ADRV Rules,ADRV Notes,Description
Nunu Abashidze,,Soviet Union,,,Shot put,,1981,?,,,,,?,,
Ahmed Abd El Raouf,,Egypt,,M,Hammer throw,,2008,2 years,,,,,Norandrosterone,,
Inga Abitova,,Russia,,,Long distance,,2009,2 years,,,,,Biological passportanomalies,,
Folashade Abugan,,Nigeria,,,Sprinting,,2010,2 years,,,,,Testosteroneprohormone,,
Ibrahim Mohamed Aden,,Somalia,,M,Middle distance,,1999,Public warning,,,,,Ephedrine,,
Tosin Adeloye,,Nigeria,,,Sprinting,,2012,2 years,,,,,Metenolone,,
Tosin Adeloye,,Nigeria,,,Sprinting,,2015,8 years,,,,,Exogenous steroids,,
Funke Adeoye,,Nigeria,,,Hammer throw,,2007,Public warning,,,,,Ephedrine,,
Alessandra Aguilar,,Spain,,,Long distance,,08/12/2011,3 months,,,,,?,,
Amina Ait Hammou,,Morocco,,,Middle distance,,2008,1 year,,,,,3 whereabouts failures,,
Seltana Ait Hammou,,Morocco,,,Middle distance,,2008,1 year,,,,,3 whereabouts failures,,
Chioma Ajunwa,,Nigeria,,,"Long jump, sprinting",,1992,4 years,,,,,?,,
Esther Akinsulie,,Canada,,,Sprinting,,2013,6 months,,,,,Hydrochlorothiazide,,
Ashwini Akkunji,,India,,,Sprinting,,2011,2 years,,,,,Anabolic steroids,,
Mary Akor Basley,,United States,,F,Marathon,,2012,2 years,,,,,Clenbuterol,,
Mikko Ala-Leppilampi,,Finland,,,Long distance,,1972,?,,,,,Self admittance of blood transfusions (not illegal at the time),,
Mariem Alaoui Selsouli,,Morocco,,,Middle distance,,2009,2 years,,,,,EPO,,
Mariem Alaoui Selsouli,,Morocco,,,Middle distance,,2012,8 years,,,,,Furosemide,,
Sultan Al-Dawoodi,,Saudi Arabia,,,Discus throw,,2009,2 years,,,,,Norandrosterone,,
Denis Alekseyev,,Russia,,M,Sprinting,,2013,2 years,,,,,Dehydrochloromethyltestosterone,,
Barakat Al-Harthi,,Oman,,,Sprinting,,2011,6 months,,,,,Methylprednisolone,,
Ghfran Almouhamad,,Syria,,,Hurdling,,2012,6 months,,,,,Methylhexaneamine,,
Anna Alminova,,Russia,,F,Middle distance,,2010,3 months,,,,,Pseudoephedrine,,
Anna Alminova,,Russia,,F,Middle distance,,2009,30 months,,,,,Biological passportanomalies,,
Anthony Alozie,,Australia,,M,Sprinting,,2013,20 months,,,,,Three Whereabouts Failures,,
Asli Cakir Alptekin,,Turkey,,,Middle distance/steeplechase,,2004,2 years,,,,,Metenolone,,
Asli Cakir Alptekin,,Turkey,,,Middle distance/steeplechase,,2010,8 years,,,,,Biological passport,,
Chinaza Amadi,,Niger,,,Long jump,,2015,4 years,,,,,Metenolone,,
Gloria Amuche Nwosu,,Nigeria,,F,Sprinting,,2005,2 years,,,,,Testosterone,,
Anis Ananenka,,Belarus,,,Middle distance,,2015,4 years,,,,,GW1516,,
Andreas Anastasopoulos,,Greece,,M,Shot put,,2001,2 years,,,,,?,,
Georg Andersen,,Norway,,,Shot put,,1991,21 months,,,,,Metenolone,,
Marvin Anderson,,Jamaica,,,Sprinting,,2009,3 months,,,,,4-Methyl-2-hexanamine,,
Lyudmila Andonova,,Bulgaria,,,High jump,,1985,18 months,,,,,Amphetamine,,
Yeorgios Andreou,,Cyprus,,,Decathlon,,2003,2 years,,,,,,,
Vladimir Andreyev,,Russia,,,Race walking,,2005,1 year,,,,,Salbutamol,,
Yuriy Andronov,,Russia,,,Race walking,,2014,2 years,,,,,Trimetazidine,,
Ivanildo dos Anjos,,Brazil,,,Long distance,,2014,18 months,,,,,Hydrochlorothiazide,,
Adrian Annus,,Hungary,,,Hammer throw,,2004,2 years,,,,,"Missed test, tampering",,
Seema Antil,,India,,,Discus throw,,2000,Public warning,,,,,Pseudoephedrine,,
Alina Antipova,,Russia,,F,,,02/03/2012,2 years,18/03/2014,,,,,,
Elena Antoci,,Romania,,,Middle distance,,2008,,,,,,EPO,,
Olena Antonova,,Ukraine,,,Discus throw,,2009(Retested 2013),2 years,,,,,Stanozolol,,
Esref Apak,,Turkey,,,Hammer throw,,2013,2 years,,,,,Stanozolol,,
Thozama April,,South Africa,,,Long distance,,2014,2 years,,,,,"Phentermine,Prednisolone,Norandrosterone",,
Demetra Arachoviti,,Greece,,F,Hurdling,,06/03/2012,2 years,,,,,Stanozolol,,
Geisa Arcanjo,,Brazil,,,Shot put,,2010,Public warning,,,,,Hydrochlorothiazide,,
Juana Arrendel,,Dominican Republic,,,High jump,,1999,,,,,,Stanozolol,,
Katsiaryna Artsiukh,,Kazakhstan,,,Hurdling,,2010,2 years,,,,,Metenolone,,
Natalya Artyomova,,Russia,,F,Middle distance,,,,,,,,Steroids,,
Tatiana Aryasova,,Russia,,F,Long distance,,27/02/2012,2 years,,,,,Hydroxyethylstarch,,
Elena Arzhakova,,Russia,,,Middle distance,,2011,2 years,,,,,Biological passportviolation,,
Malika Asahssah,,Morocco,,,Long distance,,2015,4 years,,,,,Stanozolol,,
Delilah Asiago,,Kenya,,,Long distance,,1999,,,,,,,,
Innocent Asonze,,Nigeria,,,Sprinting,,1999,,,,,,,,
Wayne Athorne,,Australia,,M,Decathlon,,,,,,,,Methandienone (Dianabol),,
Duncan Atwood,,United States,,M,Javelin throw,,1985,Life ban(later reduced),,,,,Stimulant,,
Olutoyin Augustus,,Nigeria,,,Hurdles,,2009,2 years,,,,,Abnormaltestosteronelevels,,
(Toyin Augustus),,Nigeria,,,Hurdles,,2009,2 years,,,,,Abnormaltestosteronelevels,,
Anna Avdeyeva,,Russia,,F,Shot put,,2013,2 years,,,,,Oral Turinabol(anabolic steroid),,
Roman Avramenko,,Ukraine,,M,Javelin throw,,2013,2 years,,,,,Dehydrochloromethyltestosterone,,
Roman Avramenko,,Ukraine,,M,Javelin throw,,2015,8 years,,,,,Dehydrochloromethyltestosterone,,
Hussein Awada,,Lebanon,,M,Cross country running,Half marathon,2012,2 years,,,,,Nandrolone,,
Mark Anthony Awere,,Ghana,,M,Long jump,,2001,3 months,,,,,,,
Bimbo Miel Ayedou,,Benin,,F,Sprinting,,09/03/2012,2 years,,,,,Nandrolone,,
SÅureyya Ayhan,,Turkey,,,Middle distance,,2004,2 years,,,,,Interfering with test,,
SuÅreyya Ayhan,,Turkey,,,Middle distance,,2007,Life ban,,,,,"Stanozolol, Methandienone",,
SuÅreyya Ayhan-Kop,,Turkey,,,Middle distance,,2007,Life ban,,,,,,,
Masoud Azizi,,Afghanistan,,,Sprinting,,2013,2 years,,,,,Nandrolone,,
Ahmed Baday,,Morocco,,M,Long distance,,2010,2 years,,,,,Biological passportanomalies,,
Ndiss Kaba Badji,,Senegal,,,"Long jump, triple jump",,2005,2 years,,,,,Androstenedione,,
Oleksandr Bagach,,Soviet Union,,,Shot put,,1989,2 years,,,,,Steroids,,
Oleksandr Bagach,,Ukraine,,,Shot put,,1997,Public warning and disqualification,,,,,Ephedrine,,
Jose Alessandro Bagio,,Brazil,,M,Race walking,,2010,2 years,,,,,19-Norandrosterone,,
Amina Bakhit,,Sudan,,,Middle distance,,2009,2 years,,,,,Norandrosterone,,
Sergey Bakulin,,Russia,,M,Race walking,,2011,3 years and 2 months,,,,,Biological passportanomalies,,
Zivile Balciunaite,,Lithuania,,,Long distance,,2010,2 years,,,,,Testosterone,,
Michal Balner,,Czech Republic,,,Pole vault,,2010,1 month,,,,,Cannabis,,
Onalenna Baloyi,,Botswana,,,Middle distance,,2010,2 years,,,,,Methylhexanamine,,
Yuliya Balykina,,Belarus,,,Sprinting,,2013,2 years,,,,,Drostanolone,,
Falk Balzer,,Germany,,,Hurdling,,2001,2 years,,,,,Nandrolone,,
Aicha Bani,,Spain,,F,,,17/07/2011,2 years,28/12/2013,,,,,,
Konstadinos Baniotis,,Greece,,,High jump,,2013,Public warning,,,,,Furosemide,,
Jarrod Bannister,,Australia,,M,Javelin throw,,2012,20 months,,,,,Three Whereabouts Failures within 18-month period,,
Kelly-Ann Baptiste,,Trinidad and Tobago,,F,Sprinting,,,2 years,,,,,,,
Shawnacy Barber,,Canada,,,Pole vault,,2016,Public warning,,,,,Cocaine,,
Roberto Barbi,,Italy,,M,Marathon,,1996,3 months,,,,,Ephedrine,,
Roberto Barbi,,Italy,,M,Marathon,,2001,"4 years, reduced to 25 months",,,,,EPO,,
Roberto Barbi,,Italy,,M,Marathon,,2008,Life ban,,,,,"EPO, Ephedrine",,
Roxana Barca,,Romania,,F,Long distance running,,2013,2 years,,,,,Methasterone,,
Randy Barnes,,United States,,,Shot put,,1990,27 months,,,,,Methyltestosterone,,
Randy Barnes,,United States,,,Shot put,,1998,Life ban,,,,,Androstenedione,,
Yarelys Barrios,,Cuba,,,Discus throw,,2008,,,,,,Acetazolamide,,
Bruno de Barros,,Brazil,,,Sprinting,,2009,2 years,,,,,EPO,,
Elias Bastos,,Brazil,,,Cross country running,,2014,2 years,,,,,Methyltestosterone,,
Giuliano Battocletti,,Italy,,,Long distance running,,1999,16 months,,,,,Nandrolone,,
Dieter Baumann,,Germany,,M,Long distance,,1999,2 years,,,,,Nandrolone,,
Julie Baumann,,Canada,,F,Hurdling,,1989,2 years,,,,,Stanozolol,,
Vadim Bavikin,,Israel,,M,Javelin throw,,1994,4 years,,,,,Steroids,,
Chantal Beaugeant,,France,,,Heptathlon,,1989,2 years,,,,,,,
James Beckford,,Jamaica,,M,Long jump,,1997,3 months,,,,,Ephedrine,,
Violeta Beclea,,Romania,,,Middle distance,,1995,4 years,,,,,Steroids,,
Chaltu Beji,,Azerbaijan,,,Steeplechase,,2015,4 years,,,,,Ostarine,,
Alemitu Bekele,,Turkey,,,Long distance,,2009,2 years and 9 months,,,,,Biological passportanomalies,,
Mimi Belete,,Bahrain,,,Middle/Long distance,,2010,Public reprimand and disqualification,,,,,Salbutamol,,
Irina Belova,,Russia,,F,Heptathlon,,1993,4 years,,,,,Testosterone,,
Kenta Bell,,United States,,,Triple jump,,2007,3 months,,,,,Methylprednisolone,,
Awatef Ben Hassine,,Tunisia,,,Sprinting,,2004,2 years,,,,,Norandrosterone,,
Yassine Bensghir,,Morocco,,,Middle distance,,2014,4 years,,,,,Biological passport,,
Frederic Berland,,France,,M,,,12/06/2011,15 months,12/09/2012,,,,,,
Yahya Berrabah,,Morocco,,,Long jump,,2009,Public warning,,,,,Cannabis,,
Yahya Berrabah,,Morocco,,,Long jump,,2011,4 years (2nd ADRV),,,,,EPO,,
Gwen Berry,,United States,,F,Hammer throw,,2016,3 months,,,,,Use of a prohibited substance (Vilanterol Trifenatate),,
Michael Berry,,United States,,M,Sprinting,,2010,3 months,,,,,Cannabis,,
Mariya Bespalova,,Russia,,,Hammer throw,,2015,4 years,,,,,Dehydrochloromethyltestosterone,,
Maria Cristina Betancourt,,Cuba,,F,Discus throw,,1983,Life ban,,,,,,,
Tim Bethune,,Canada,,M,Sprinting,,1985,,,,,,Self admittance of steroid use (Dubin inquiry),,
Kipyegon Bett,,Kenya,,,800 m,,2017,4 years,,,,,Erythropoietinout-of-competition test in November 2017,,
Antonella Bevilacqua,,Italy,,,High jump,,1996,,,,,,"Ephedrine, pseudoephedrine",,
Uwe Beyer,,West Germany,,,Hammer throw,,1960's/1970's,?,,,,,Anabolic steroids (self-admitted),,
Alemayehu Bezabeh,,Spain,,,Middle/Long distance,,2010,2 years,,,,,Use of a prohibited method (Operation Galgo),,
Rajendra Bahadur Bhandari,,Nepal,,,Long distance,,2006,2 years,,,,,Norandrosterone,,
Quentin Bigot,,France,,,Hammer throw,,2014,2 years,,,,,MethandienoneandStanozolol,,
Madina Biktagirova,,Unified Team,,,Long distance,,1992,,,,,,Norephedrine,,
Yuriy Bilonoh,,Ukraine,,,Shot put,,2004,3 years,,,,,Oxandrolone,,
Yuriy Bilonoh,,Ukraine,,,Shot put,,(Sample retested 2012),,,,,,,,
Svetlana Biryukova,,Russia,,,Long jump,,2014,2-year ban,,,,,SARMs,,
Dominique Blake,,Jamaica,,,Sprinting,,2006,9 months,,,,,Ephedrine,,
Dominique Blake,,Jamaica,,,Sprinting,,2012,4 years and 6 months(Reduced from 6 years),,,,,Methylhexanamine,,
Yohan Blake,,Jamaica,,M,Sprinting,,2009,3 months,,,,,4-Methyl-2-hexanamine,,
Jose Luis Blanco,,Spain,,M,Middle distance,,2010,2 years,,,,,EPO,,
Zhanna Block,,Ukraine,,F,Sprinting,,30/11/2002,2 years,05/10/2013,,,,IAAF 60.1 & BALCO scandal,,
Lyudmyla Blonska,,Ukraine,,F,"Heptathlon, long jump",,2003,2 years,,,,,Stanozolol,,
Lyudmyla Blonska,,Ukraine,,F,"Heptathlon, long jump",,16/08/2008,Life ban,,,,,Methyltestosterone,,
Petr Bogatyrev,,Russia,,,Race walking,,2011,2 years,,,,,Biological passportanomalies,,
Ato Boldon,,Trinidad and Tobago,,M,Sprinting,,2001,Public warning,,,,,Ephedrine,,
Scott Boothby,,United States,,M,Hammer throw,,2006,4 years(Reduced from 8 years),,,,,"Finasteride,6-oxo-androstenedione",,
Valeriy Borchin,,Russia,,,Race walking,,2005,1 year,,,,,Ephedrine,,
Valeriy Borchin,,Russia,,,Race walking,,2009,8 years,,,,,Biological passportanomalies,,
Beranger-Aymard Bosse,,Central African Republic,,,Sprinting,,2016,2 years,,,,,Prednisolone,,
Mihaela Botezan,,Romania,,,Long distance,,2007,2 years,,,,,Chlortalidone,,
Chakir Boujattaoui,,Morocco,,,Long-distance,,2010,2 years,,,,,MIRCERA,,
Brahim Boulami,,Morocco,,,Steeplechace,,2002,2 years,,,,,EPO,,
Larbi Bouraada,,Algeria,,,Decathlon,,2012,2 years,,,,,Stanozolol,,
Abderrahime Bouramdane,,Morocco,,,Marathon,,2011,2 years,,,,,Biological passport,,
Zahra Bouras,,Algeria,,,Middle-distance,,2012,2 years,,,,,Stanozolol,,
Sofiya Bozhanova,,Bulgaria,,,Long/Triple jump,,1994,4 years,,,,,Amphetamine,,
Kevin Braunskill,,United States,,M,Sprinting,,1994,4 years,,,,,Stanozolol,,
Grit Breuer,,Germany,,,Sprinting,,1992,2 years,,,,,Clenbuterol,,
Okkert Brits,,South Africa,,,Pole vault,,2003,Public warning,,,,,Ephedrine,,
Damien Broothaerts,,Belgium,,,Hurdling,,2011,1 year(Reduced from 2 years),,,,,"Methylhexanamine, 3 whereabouts failures",,
Alicia Brown,,Canada,,F,Sprinting,,2013,2 years,,,,,Hydrochlorothiazide,,
Erik de Bruin,,Netherlands,,,"Discus throw, shot put",,1993,4 years,,,,,"Testosterone, Stanozolol & hCG",,
Ricky Bruch,,Sweden,,M,Discus throw,,1960's/1970's,?,,,,,Anabolic steroids (self-admitted),,
Yelyzaveta Bryzhina,,Ukraine,,,Sprinting,,2013,2 years,,,,,Drostanolone,,
Aleksandr Bulanov,,Russia,,,Shot put,,2009,2 years,,,,,Methandienone,,
Viktor Burayev,,Russia,,,Race walking,,2008,2 years,,,,,EPO,,
Tamara Bykova,,Soviet Union,,,High jump,,1990,3 months,,,,,Ephedrine,,
Yolanda Caballero,,Colombia,,,Long distance,,2011,4 years,,,,,Biological passport,,
Yolanda Caballero,,Colombia,,,Long distance,,2014,,,,,,Tampering,,
Gary Cadogan,,Great Britain,,M,"Sprinting, hurdling",,1998,2 years,,,,,Nandrolone,,
Dorina Calenic,,Romania,,,Long distance,,1987,,,,,,,,
Mehmet Caglayan,,Turkey,,,Long distance,,2010,2 years,,,,,EPO,,
Jillian Camarena-Williams,,United States,,,Shot put,,2013,6 months,,,,,Clomiphene,,
John Capel,,United States,,M,Sprinting,,2004,Public warning,,,,,Cannabis,,
John Capel,,United States,,M,Sprinting,,2006,2 years,,,,,Cannabis,,
Dean Capobianco,,Australia,,M,Sprinting,,1996,2 years(Reduced from 4 years),,,,,Stanazolol,,
Hector Carrasquillo,,Puerto Rico,,M,Sprinting,,2011,2 years,,,,,Anabolic steroid,,
LaMark Carter,,United States,,,Triple jump,,2004,Public warning,,,,,Salbutamol,,
Silviu Casandra,,Romania,,,Race walking,,2002,2 years,,,,,,,
Arnaud Casquette,,Mauritius,,,Long jump,,2005,6 months,,,,,Cannabis,,
Victor Castillo,,Venezuela,,M,Long jump,,2006,2 years,,,,,Furosemide,,
Victor Castillo,,Venezuela,,M,Long jump,,25/10/2011,4 years,,,,,Methylhexaneamine,,
Recep Celik,,Turkey,,M,Race walking,,12/05/2012,2 years,,,,,Metenolone,,
Jolanda Ceplak,,Slovenia,,,Middle distance,,2007,2 years,,,,,EPO,,
Dwain Chambers,,Great Britain,,M,Sprinting,,2003,2 years,,,,,"THG, Testosterone, EPO, HGH, Insulin, Modafinil & Liothyronine",,
Hafid Chani,,Morocco,,,Long distance,,2011,4 years,,,,,Biological passport,,
Jamel Chatbi,,Morocco,,,Steeplechase,,2009,3 years,,,,,Clenbuterol,,
Jani Chathurangani Silva,,Sri Lanka,,,Sprinting,,2006,2 years,,,,,Nandrolone,,
David Chaussinand,,France,,,Hammer throw,,23-May-02,3 years,,,,,Metenolone,,
David Chaussinand,,France,,,Hammer throw,,24-Jun-02,3 years,,,,,Clenbuterol,,
Mouhcine Cheaouri,,Morocco,,,Pole vault,,2016,4 years,,,,,Stanozolol,,
Emily Chebet,,Kenya,,,"Long distance, cross country",,2015,4 years,,,,,Furosemide,,
Cristiana Checchi,,Italy,,,Shot put,,2003,Public warning,,,,,Caffeine,,
Viktor Chegin,,Russia,,,Coach,,,Life ban,,,,,"Administration of a prohibited substance, complicity",,
Abdelatif Chemlal,,Morocco,,,Steeplechase,,2004,2 years,,,,,Norandrosterone,,
Flomena Chepchirchir,,Kenya,,,Marathon,,2014,6 months,,,,,,,
Pamela Chepchumba,,Kenya,,,Cross country running,,2003,2 years,,,,,EPO,,
Susan Chepkemei,,Kenya,,,Long distance,,2007,1 year,,,,,Salbutamol,,
Svetlana Cherkasova,,Russia,,,Middle distance,,2007,33 months,,,,,Fraudulent substitution of urine,,
Lada Chernova,,Russia,,,Javelin throw,,2008,2 years,,,,,Metenolone,,
Lada Chernova,,Russia,,,Javelin throw,,2013,Life ban,,,,,Bromantane,,
Tatyana Chernova,,Russia,,,Heptathlon,,2009,2 years,,,,,Oral Turinabol,,
Lydia Cheromei,,Kenya,,,Long distance,,2005,2 years,,,,,Clomiphene,,
Damu Cherry,,United States,,,Hurdling,,2003,2 years,,,,,Norandrosterone,,
Silvano Chesani,,Italy,,,High jump,,2007,Public warning,,,,,Formoterol,,
Christophe Cheval,,France,,,Sprinting,,2001,2 years,,,,,Nandrolone,,
Dimitrios Chondrokoukis,,Greece,,,High jump,,2012,2 years,,,,,Stanozolol,,
Fouad Chouki,,France,,,Middle distance,,2003,2 years,,,,,EPO,,
Khalid Choukoud,,Netherlands,,,Long distance,,2007,2 years,,,,,Stanozolol,,
Linford Christie,,Great Britain,,M,Sprinting,,1999,2 years,,,,,Nandrolone,,
Vivian Chukwuemeka,,Nigeria,,,Shot put and discus,,2009,2 years,,,,,Oxymetholone,,
Vivian Chukwuemeka,,Nigeria,,,Shot put and discus,,2012,Life ban,,,,,Stanozolol,,
Clement Chukwu,,Nigeria,,,Sprinting,,1992,4 years,,,,,,,
Yelena Churakova,,Russia,,,Hurdling,,2013,2 years,,,,,Methandienone&Dehydrochloromethyltestosterone,,
Hazel Clark,,United States,,,Middle distance,,2001,Public warning,,,,,Pseudoephedrine,,
Venolyn Clarke,,Canada,,,Sprinting,,2001,4 years,,,,,Stanozolol,,
Ramon Clay,,United States,,,Sprinting,,2000?2004,2 years,,,,,Steroids and hormones (BALCO scandal),,
Luis Collazo,,Puerto Rico,,M,Long distance,,06/09/2011,2 years,,,,,Exogenoussteroids,,
Michelle Collins,,United States,,,Sprinting,,2002?2004,4 years(Reduced from 8 years),,,,,"THG, EPO (BALCO scandal)",,
Rosa Colorado,,Spain,,,Hurdling,,1980,18 months,,,,,Steroids,,
Hannah Cooper,,Liberia,,,Sprinting,,1999,,,,,,,,
Harold Connolly,,United States,,,Hammer throw,,1960's,?,,,,,Self-admitted Anabolic steroids,,
Jessica Cosby,,United States,,,Hammer throw,,2009,4 months,,,,,"Hydrochlorothiazide, chlorothiazide",,
Nuno da Costa,,Portugal,,,Cross country running,,2011,2 years,,,,,EPO,,
Daniela Costian,,Romania,,,Discus throw,,1986,,,,,,,,
Julie Coulaud,,France,,,Middle/Long distance,,2008,3 years,,,,,Testosterone,,
Crystal Cox,,United States,,F,Sprinting,,2002,Public warning,,,,,Ephedrine (positive test),,
Crystal Cox,,United States,,F,Sprinting,,2001-2004,4-year ban,25/01/2014,,,,Anabolic steroids (self admitted),,
Shawn Crawford,,United States,,,Sprinting,,2012,2 years,,,,,3 whereabouts failures,,
Olga Cristea,,Moldova,,,Middle-distance,,2010,2 years,,,,,Testosterone,,
Peter Dajia,,Canada,,,Shot put,,1983?,18 months,,,,,Self admittance in 1989: Steroids,,
Peter Dajia,,Canada,,,Shot put,,1986,,,,,,"Positive test: Steroids, Testosterone",,
Martina Danisova†-Hrasnova,,Slovakia,,,Hammer throw,,2003,2 years,,,,,Nandrolone,,
Bonnie Dasse,,United States,,,Shot put,,1992,4 years,,,,,Clenbuterol,,
Marie Davenport,,Ireland,,,Long distance,,1996,Reprimand,,,,,Phenylpropanolamine,,
(Marie McMahon),,Ireland,,,Long distance,,1996,Reprimand,,,,,Phenylpropanolamine,,
Walter Davis,,United States,,,Triple jump,,2013,1 year,,,,,3 whereabouts failures,,
Alice Decaux,,France,,,Hurdling,,2013,6 months,,,,,?-Methylphenethylamine,,
Mary Decker,,United States,,F,Middle distance,,1996,,,,,,Testosterone,,
(Mary Slaney),,United States,,F,Middle distance,,1996,,,,,,Testosterone,,
Tony Dees,,United States,,F,Hurdling,,2001,Life ban,,,,,"Norandrosterone, Noretiochdandone",,
Hind Dehiba,,France,,,Middle distance,,2007,2 years,,,,,EPO,,
Tatyana Dektyareva,,Russia,,,Hurdling,,2014,2 years+I248,,,,,Ostarine,,
Alexande De Los Santos,,Russia,Athlete,M,Long distance,,17/12/2011,2 years,01/03/2014,,,,,,
Dimitrios Delifotis,,Greece,,,Long jump,,1984,,,,,,,,
Luis Delis,,Cuba,,,Discus throw/shot put,,1990,,,,,,,,
Tezeta Dengersa,,Turkey,,,Middle/Long distance,,2005,2 years,,,,,Metenolone,,
Frederic Denis,,France,,M,Steeplechase,,2007,2 years,,,,,EPO,,
Sebastien Denis,,France,,M,Hurdling,,2005,Public warning,,,,,Ephedrine,,
Lyubov Denisova,,Russia,,,Marathon,,2007,2 years,,,,,"Prostanozol, testosterone",,
Manuela Derr,,Germany,,,Sprinting,,1992,3 years,,,,,Clenbuterol,,
Ronald Desruelles,,Belgium,,,Long jump,,1980,,,,,,,,
Hrysopiyi Devetzi,,Greece,,F,Triple/Long jump,,2009,2 years,,,,,Failure to submit to doping control,,
Hrysopiyi Devetzi,,Greece,,F,Triple/Long jump,,2007 (Retest 2015),4 years,,,,,Stanozolol,,
Vadim Devyatovskiy,,Belarus,,,Hammer throw,,2000,2 years,,,,,Nandrolone,,
Aãssa Dghoughi,,Morocco,,,Long distance,,2006,3 years,,,,,Refusal to submit to doping control,,
Ahmed Mohamed Dheeb,,Qatar,,,Discus throw,,2010,,,,,,Testosteronemetabolites,,
Alberico Di Cecco,,Italy,,,Marathon,,2008,2 years,,,,,EPO,,
Rostislav Dimitrov,,Bulgaria,,,Triple jump,,1999,,,,,,Ephedrine,,
Svetla Dimitrova,,Bulgaria,,,Heptathlon,,1989,2 years,,,,,Sydnocarb,,
Margarida Dionisio,,Portugal,,,Long distance,,16/07/2011,8 months ,02/06/2012,,,,,,
Katalin Divos,,Hungary,,,Hammet throw,,2001,2 years,,,,,,,
Vukosava Djapic,,Serbia and Montenegro,,,Sprinting,,2005,2 years,,,,,Metenolone,,
Abderahmane Djemadi,,Algeria,,,Long distance,,2001,2 years,,,,,Refusal to submit to doping control,,
Gabor Dobos,,Hungary,,,Sprinting,,2000,2 years,,,,,"Drostanolone, testosterone",,
Gabor Dobos,,Hungary,,,Sprinting,,2006,Life ban,,,,,,,
Jim Doehring,,United States,,,Shot put,,1990,2 years,,,,,Steroids,,
Bahar Dogan,,Turkey,,,Long distance,,2011,2 years and 6 months,,,,,Biological passport,,
Bishop Dolegiewicz,,Canada,,,"Shot put, discus throw",,1973?1985,National record annulled,,,,,Self admittance (The Dubin Inquiry): Steroids,,
Marta Dominguez,,Spain,,,Middle distance,,2009,3 years,,,,,Biological passport,,
Tetyana Dorovskikh,,Ukraine,,,Middle distance,,1993,,,,,,Unknown substance,,
(Tatyana Samolenko),,Ukraine,,,Middle distance,,1993,,,,,,Unknown substance,,
Rashid Shafi Al-Dosari,,Qatar,,,Discus throw,,2003,2 years,,,,,Refused to submit to doping control,,
Troy Douglas,,Netherlands,,,Sprinting,,1999,2 years,,,,,Nandrolone,,
Horace Dove-Edwin,,Sierra Leone,,,Sprinting,,1994,2 years,,,,,Stanozolol,,
Hanna Drabenia,,Belarus,,,Race walking,,2015,2 years,,,,,Trimetazidine,,
Rasa Drazdauskaite,,Lithuania,,,Long distance,,2003,2 years,,,,,Stanozolol,,
Heike Drechsler,,East Germany,,,Long jump/sprinting,,1980's,?,,,,,Self admittance,,
Hamza Driouch,,Qatar,,,Middle distance,,2012,2 years,,,,,Biological passportanomalies,,
Jon Drummond,,United States,,,Coach,,2012/2013,8 years,,,,,"Possession, trafficking and administration of prohibited substances",,
Oleksandr Dryhol,,Ukraine,,,Hammer throw,,2013,2 years,,,,,Dehydrochloromethyltestosterone,,
Aliona Dubitskaya,,Belarus,,,Shot put,,2014,6 months,,,,,Oxilofrine,,
Aleksandra Duliba,,Belarus,,,Marathon,,2013,2 years,,,,,Biological passport,,
Corina Dumbravean,,Romania,,F,Middle distance,,2007,2 years,,,,,Refusal to submit to testing,,
Corina Dumbravean,,Romania,,F,Middle distance,,2010,Life ban,,,,,Refusal to submit to testing,,
Julien Dunkley,,Jamaica,,,Sprinting,,2008,2 years,,,,,Boldenone,,
Debbie Dunn,,United States,,F,Sprinting,,2012,2 years,,,,,Testosterone,,
Lyudmila Dzhigalova,,Ukraine,,,Sprinting,,1993,4 years,,,,,Steroids,,
Monzavous Edwards,,United States,,,Sprinting,,2004,Public warning,,,,,Cannabis,,
Mark Edwards,,Great Britain,,M,,,15/09/2010,3 years,02/11/2013,,,,"Clostebol,Testosterone",,
Paul Edwards,,Great Britain,,M,Shot put,,1993,4 years,,,,,"Anabolic steroids, raisedtestosteroneandpseudoephedrine",,
Paul Edwards,,Great Britain,,M,Shot put,,1997,Life ban,,,,,Tetrahydrocannabinol,,
Torri Edwards,,United States,,,Sprinting,,2004,15 months(Reduced from 2 years),,,,,Nikethamide,,
Daniel Effiong,,Nigeria,,M,Sprinting,,1995,4 years,,,,,Methyltestosteroneandephedrine,,
Inna Eftimova,,Bulgaria,,F,Sprinting,,2011{Retested 2012),2 years,,,,,Recombinant Human Growth hormone,,
Florence Ekpo-Umoh,,Germany,,,Sprinting,,2003,2 years,,,,,Stanozolol,,
Christy Ekpukhon,,Nigeria,,,Sprinting,,2008,2 years,,,,,Metenolone,,
Abderrahim El Asri,,Morocco,,,Cross country running,,2014,2 years,,,,,EPO,,
Wafa Ismail El Baghdadi,,Egypt,,,Shot put,,2007,2 years,,,,,Methandienone,,
Hayat El Ghazi,,Morocco,,,Hammer throw,,2006,2 years,,,,,Norandrosterone,,
Mohamed El Hachimi,,Morocco,,,Long distance,,2012,6 months,,,,,Methylhexaneamine,,
Mohamed El Hachimi,,Morocco,,,Long distance,,2014,6 years,,,,,CERA,,
Fouad Elkaam,,Morocco,,,Middle distance,,2011,6 months,,,,,Methylhexaneamine,,
Saida El Mehdi,,Morocco,,,Middle distance,,2009,2 years,,,,,Stanozolol,,
Rkia El Moukim,,Morocco,,,Long distance,,2011,2 years,,,,,Biological passport,,
Najim El Qady,,Morocco,,,Long distance,,2011,2 years,,,,,Biological passport,,
Stanislav Emelyanov,,Russia,,,Race walking,,2010,2 years,,,,,Biological passport,,
Alene Emere,,Ethiopia,,,Long distance,,2002,2 years,,,,,Nandrolone,,
Ivan Emilianov,,Moldova,,M,Shot put,,18/06/2011,2 years,20/07/2013,,,,"Metenolone,Stanozolol",,
Meryem Erdogan,,Turkey,,M,Long distance,,2010,2 years,14/02/2014,,,,Biological passport,,
Mostafa Errebbah,,Italy,,,Long distance,,2004,2 years,,,,,Stanozolol,,
Wilson Loyanae Erupe,,Kenya,,,Long distance,,2012,2 years,,,,,EPO,,
Fatih Eryildirim,,Turkey,,,Hammer throw,,2013,2 years and 6 months,,,,,"Stanozolol, Dehydrochloromethyltestosterone",,
Nilay Esen,,Turkey,,,Long distance,,2005,2 years,,,,,Metenolone,,
Alisher Eshbekov,,Russia,,,Hammer throw,,,,,,,,Anabolic steroid,,
Ridouane Es-Saadi,,Belgium,,,Middle/Long distance,,2004,6 months,,,,,"Trafficking, use, possession",,
Ridouane Es-Saadi,,Belgium,,,Middle/Long distance,,2006,Life ban,,,,,Methandienone,,
Latifa Essarokh,,France,,,Middle distance,,2006,2 years,,,,,Stanozolol,,
Lee Evans,,United States,,,Coach,,2013,4 years,,,,,,,
Davidson Ezinwa,,Nigeria,,,Sprinting,,1996,3 months,,,,,Ephedrine,,
Davidson Ezinwa,,Nigeria,,,Sprinting,,1999,2 years,,,,,hCG,,
Osmond Ezinwa,,Nigeria,,,Sprinting,,1996,3 months,,,,,Ephedrine,,
Hamid Ezzine,,Morocco,,,Steeplechase,,2009,2 years,,,,,"Refusal to submit to doping control, Tampering with test",,
Martin Fagan,,Ireland,,M,"Marathon, half-marathon",,10/12/2011,2 years,02/12/2013,,,,EPO,,
Ahmed Faiz,,Saudi Arabia,,,Long jump,,2010,2 years,,,,,Amphetamines,,
Sandra Farmer-Patrick,,United States,,,Hurdling,,1996,,,,,,Testosterone,,
Robert Fazekas,,Hungary,,M,Discus throw,,2004,2 years,,,,,Failing to provide urine sample,,
Robert Fazekas,,Hungary,,M,Discus throw,,16/06/2012,6 years (REDUCED FROM 8 YEARS),05/07/2018,,,,Stanozolol,,
Surita Febbraio,,South Africa,,,Hurdling,,2005,2 years,,,,,Testosterone,,
Agustin Felix,,Spain,,,Decathlon,,2011,2 years,,,,,Drostanolone,,
Paquillo Fernandez,,Spain,,,Race walk,,2010,2 years,,,,,Possession of undisclosed banned substances,,
Ricardo Fernandez,,Spain,,,Middle/Long distance,,2004,2 years,,,,,EPO,,
Ricardo Fernandez,,Spain,,,Middle/Long distance,,2006,2 years,,,,,Finasteride,,
Elena Fidatov,,Romania,,,Middle/Long distance,,1998,2 years,,,,,Nandrolone,,
Nicolas Figäre,,France,,,Hammer throw,,2007,"1 month, public warning",,,,,Cathine,,
Konstadinos Filippidis,,Greece,,,Pole vault,,2007,2 years,,,,,Etilephrine,,
Yuliya Fomenko,,Russia,,,Middle distance,,2007,33 months,,,,,Fraudulent substitution of urine,,
Greg Foster,,United States,,,Hurdling,,1990,6 months,,,,,"Pseudoephedrine, Ephedrine, Phenylpropanolamine",,
Allodin Fothergill,,Jamaica,,,Sprinting,,2009,3 months,,,,,4-Methyl-2-hexanamine,,
Cecilia Francis,,Nigeria,,,Sprinting,,2013,1 year,,,,,Metenolone,,
Shelly-Ann Fraser,,Jamaica,,,Sprinting,,2010,6 months,,,,,Oxycodone,,
Brian Frasure,,United States,,,Sprinting,,2000,4 years,,,,,Nandrolone,,
Jake Freeman,,United States,,,Hammer throw,,2009,Public warning,,,,,Cannabis,,
Jake Freeman,,United States,,,Hammer throw,,2011,1 year,,,,,Cannabis,,
Margarita Fuentes-Pila,,Spain,,,Middle distance,,2015,6 months,,,,,,,
Ruth Fuchs,,East Germany,,,Javelin throw,,1970's,?,,,,,Anabolic steroids (self-admitted),,
Chryste Gaines,,United States,,,Sprinting,,2003,Public warning,,,,,Modafinil (positive test),,
Chryste Gaines,,United States,,,Sprinting,,2005,2 years,,,,,THG (investigation:BALCO),,
Anton Galkin,,Russia,,,Sprinting,,2004,2 years,,,,,Stanozolol,,
Miguel Angel Gamonal,,Spain,,,Half marathon,,2013,2 years,,,,,Clenbuterol,,
Miguel Angel Gamonal,,Spain,,,Half marathon,,2015,3 years,,,,,Biological passport,,
Alberto Garcia,,Spain,,,"Long distance, cross country",,2003,2 years,,,,,EPO,,
Sandra Gasser,,Switzerland,,,Middle distance,,1987,2 years,,,,,Steroids,,
Justin Gatlin,,United States,,,Sprinting,,2001,1 year(Reduced from 2 years),,,,,Amphetamine,,
Justin Gatlin,,United States,,,Sprinting,,2006,4 years,,,,,Testosterone,,
Tyson Gay,,United States,,,Sprinting,,2013,1 year,,,,,Positive test: Exogenous anabolic-androgenic steroid,,
Tyson Gay,,United States,,,Sprinting,,2012?2013,,,,,,Investigation/Admittance,,
Tibor Gecsek,,Hungary,,,Hammer throw,,1995,2 years(Reduced from 4 years),,,,,Anabolic steroids,,
Ines Geipel,,East Germany,,,Sprinting,,1980's,?,,,,,Turinabol(self-admitted),,
Shitaye Gemechu,,Ethiopia,,,Long distance,,2009,2 years,,,,,EPO,,
Ivan Gertlein,,Russia,,,Pole vault,,2012,2 years,,,,,Testosterone,,
Nordine Gezzar,,France,,,Middle/Long distance,,2006,2 years,,,,,"Finasteride, nandrolone",,
Nordine Gezzar,,France,,,Middle/Long distance,,17/06/2012,10 years,12/07/2022,,,,EPO,,
Rachid Ghanmouni,,Morocco,,,Long distance,,2006,2 years,,,,,Evading doping control,,
Ruqaya Al-Ghasra,,Bahrain,,,Sprinting,,2009,2 years,,,,,Epitestosterone,,
Alina Gherasin,,Romania,,,Long distance,,2002,2 years,,,,,Anabolic steroids,,
(Alina Tecuta),,Romania,,,Long distance,,2002,2 years,,,,,Anabolic steroids,,
Bouchra Ghezielle,,France,,,Middle distance,,2008,4 years,,,,,EPO,,
Patricia Girard,,France,,,Sprinting,,1990,2 years,,,,,Primobolan(anabolic steroid),,
Sandra Glover,,United States,,,Sprinting,,2003,Disqualification and public warning,,,,,Modafinil,,
Geronimo Goeloe,,Netherlands Antilles,,,Sprinting,,2008,2 years,,,,,Stanozolol,,
Thomas Goller,,Germany,,,Hurdling,,2010,2 years,,,,,"Boldenone, SARMs",,
Olga Golovkina,,Russia,,,Long distance,,2013,2 years,,,,,Dehydrochloromethyltestosterone,,
Vanda Gomes,,Brazil,,,Sprinting,,2014,2 years,,,,,Anastrozole,,
Yekaterina Gordiyenko,,Soviet Union,,,Pentathlon,,1978,18 months,,,,,Anabolic steroids,,
Agnieszka Gortel-Maciuk,,Poland,,,Marathon/Half marathon,,2013,2 years,,,,,"Testosterone, DHEA",,
Anastasios Gousis,,Greece,,,Sprinting,,2008,2 years,,,,,Methyltrienolone,,
Abderrahim Goumri,,Morocco,,M,Marathon,,2009,4 years,14/03/2016,,,,"Biological passport - IAAF Rule 32.2b Use/attempted use
of a prohibited substance/method",,
Eva-Maria Gradwohl,,Austria,,,Long distance,,2010,2 years,,,,,Refusal to submit to doping control,,
Stephanie Graf,,Austria,,,Middle distance,,2003,2 years,,,,,Attempted use of a prohibited method (Humanplasma scandal),,
Trevor Graham,,United States,,,Coach,,,Life ban,,,,,"Possession, trafficking, and administration of performance-enhancing drugs, and assisting, encouraging, aiding and abetting anti-doping rule violations",,
Mike Gravelle,,United States,,,Discus throw,,1995,,,,,,Testosterone,,
Rob Gray,,Canada,,,Discus throw,,,Lost national record,,,,,Self admittance Anabolic Steroids,,
Bill Green,,United States,,,Hammer throw,,1987,2 years,,,,,Testosterone,,
Yelizaveta Grechishnikova,,Russia,,,Long distance,,2009,2 years,,,,,Biological passport,,
Anri Grigorov,,Bulgaria,,,Sprinting,,1990,,,,,,,,
Lidiya Grigoryeva,,Russia,,,Long distance,,2009,2 years and 6 months,,,,,Biological passport,,
Yekaterina Grigoryeva,,Russia,,,Sprinting,,2001,2 years,,,,,,,
(Yekaterina Leshcheva),,Russia,,,Sprinting,,2001,2 years,,,,,,,
Nataliya Grygoryeva,,Soviet Union,,,Hurdling,,,,,,,,,,
Mickey Grimes,,United States,,,Sprinting,,2003,Public warning,,,,,Ephedrine,,
Mickey Grimes,,United States,,,Sprinting,,2004,2 years,,,,,Norandrosterone,,
Yelena Gulyayeva,,Russia,,,High jump,,1991,2 years,,,,,,,
Anna Gurova,,Russia,,F,Sprinting,,22/07/2011,2 years,08/08/2013,,,,Methyltestosterone,,
Andreas Gustafsson,,Sweden,,,Race walk,,2014,2 years,,,,,EPO,,
Abdelhadi Habassa,,Morocco,,,Long distance,,2008,2 years,,,,,Norandrosterone,,
Milan Haborak,,Slovakia,,,Shot put,,2004,2 years,,,,,Hormones,,
Milan Haborak,,Slovakia,,,Shot put,,2010,Life ban,,,,,Stanozolol,,
Abdelkader Hachlaf,,Morocco,,,Middle distance,,2004,2 years,,,,,EPO,,
Halima Hachlaf,,Morocco,,,Long-distance,,2013,4 years,,,,,Biological passport,,
Mohamed El Hachimi,,Morocco,,,Long distance,,2014,6 years,,,,,CERA,,
Semoy Hackett,,Trinidad and Tobago,,,Sprinting,,2011,6 months,,,,,Methylhexaneamine,,
Semoy Hackett,,Trinidad and Tobago,,,Sprinting,,2012,2 years and 4 months,,,,,Methylhexaneamine,,
Mohammad Noor Imran Abdul Hadi,,Malaysia,,,Sprinting,,2011,2 years,,,,,Evading doping control,,
Vesteinn Hafsteinsson,,Iceland,,,Discus throw,,1984,2 years,,,,,Nandrolone,,
Linda Haglund,,Sweden,,,Sprinting,,1981,18 months,,,,,Anabolic steroids,,
Abdellah Haidane,,Italy,,,Middle distance,,2014,4 months,,,,,Tuaminoheptane,,
Fatima Hajjami,,France,,,Long distance,,2003,2 years,,,,,Stanozolol,,
Fani Halkia,,Greece,,,Hurdling,,2008,2 years,,,,,Methyltrienolone,,
Hussain Al-Hamdah,,Saudi Arabia,,,Long distance,,2009,2 years and 6 months,,,,,Biological passport,,
Tetyana Hamera-Shmyrko,,Ukraine,,,Long distance,,2011,4 years,,,,,Biological passport,,
Tahesia Harrigan-Scott,,British Virgin Islands,,,Sprinting,,2011,6 months,,,,,Methylhexaneamine,,
Alvin Harrison,,United States,,,Sprinting,,2004,4 years,,,,,BALCO scandal:,,
Alvin Harrison,,United States,,,Sprinting,,,,,,,,"Anabolic steroids, insulin, HgH, EPO & modafinil",,
Calvin Harrison,,United States,,,Sprinting,,1993,3 months,,,,,Pseudoephedrine,,
Calvin Harrison,,United States,,,Sprinting,,2003,2 years,,,,,Modafinil,,
Ridouane Harroufi,,Morocco,,,Long distance,,2013,2 years,,,,,EPO,,
Barakat Al-Harthi,,Oman,,,Sprinting,,2011,6 months,,,,,Methylprednisolone,,
Kjell Ove Hauge,,Norway,,,"Discus throw, shot put",,1998,18 months,,,,,Metandienone,,
Ahmad Hazer,,Lebanon,,,110 m hurdles,,2013,2 years,,,,,Metenolone,,
Floyd Heard,,United States,,,Sprinting,,2000,Public warning,,,,,,,
Sabine Heitling,,Brazil,,,Steeplechase,,2013,1 year,,,,,Methylhexaneamine,,
Eddy Hellebuyck,,United States,,,Long distance,,2004,2 years,,,,,EPO,,
Anca Heltne,,Romania,,,Shot put,,2010,2 years,,,,,Stanozolol,,
Anca Heltne,,Romania,,,Shot put,,2014,8 years,,,,,Methandienone & Dehydrochloromethyltestosterone,,
Geraldine Hendricken,,Ireland,,,Middle distance & Cross Country,,2004,2 years,,,,,19-norandrosterone,,
Adrrienne Herzog,,Netherlands,,,Long distance,,2014,2 years,,,,,Testosterone,,
Ivan Hierro,,Spain,,,Long distance,,2014,2 years,,,,,Possession of a prohibited substance,,
Claus Hirsbro,,Denmark,,,Sprinting,,1996,2 years,,,,,Stanozolol,,
Claus Hirsbro,,Denmark,,,Sprinting,,2000,Life ban,,,,,Nandrolon,,
Hassan Hirt,,France,,,Long distance,,2012,2 years,,,,,EPO,,
Knut Hjeltnes,,Norway,,,"Discus throw, shot put",,1977,1 year,,,,,Anabolic steroids,,
Gergely Horv†th,,Hungary,,,Javelin throw,,2006,2 years,,,,,Boldenone,,
Hristoforos Hoidis,,Greece,,,Sprinting,,2005,2 years,,,,,Tamoxiphen,,
Seppo Hovinen,,Finland,,,Javelin throw,,1977,1 year,,,,,Anabolic steroids,,
Sue Howland,,Australia,,,Javelin throw,,1987,2 years,,,,,Anabolic steroids,,
Yu-Fang Hsu,,Chinese Taipei,,,Marathon,,23/10/2011,2 years,22/10/2013,,,,EPO,,
Huang Qun,,China,,,Discus throw,,2006,2 years,,,,,Stanozolol,,
C.J. Hunter,,United States,,,Shot put,,2000,2 years,,,,,Nandrolone,,
Liza Hunter-Galvan,,New Zealand,,,Marathon,,2009,2 years,,,,,EPO,,
Marwa Hussein,,Egypt,,,Hammer throw,,2010,Two-year ban,,,,,Stanozolol,,
Victor Hogan,,South Africa,,,Discus throw,,2016,9 month ban,,,,,Methylhexanamine,,
Monica Iagar,,Romania,,,High jump,,1996,6 months,,,,,,,
Abdulagadir Idriss,,Sudan,,,Sprinting,,2005,2 years,,,,,Norandrosterone,,
Samson Idiata,,Nigeria,,,Long jump,,2015,4 years,,,,,Clenbuterol,,
Gulustan Ieso,,Iraq,,,Sprtinting,,2011,1 year,,,,,Methylhexaneamine,,
Kirill Ikonnikov,,Russia,,,Hammer throw,,2012,2 years,,,,,Dehydrochloromethyltestosterone,,
Chidi Imoh,,Nigeria,,,Sprinting,,1994,4 years,,,,,,,
Cristinel Irimia,,Romania,,,Long distance,,2014,2 years,,,,,Exogenous steroids,,
Ekaterina Ishova,,Russia,,,Middle/Long distance,,2011,2 years,,,,,Biological passport,,
(Ekaterina Gorbunova),,Russia,,,Middle/Long distance,,2011,2 years,,,,,Biological passport,,
Daniel Ivanov,,Bulgaria,,,Long jump,,1993,,,,,,Amphetamine,,
Lyubov Ivanova,,Russia,,,Steeplechase,,2006,2 years,,,,,Methyltestosterone,,
(Lyubov Kharlamova),,Russia,,,Steeplechase,,2006,2 years,,,,,Methyltestosterone,,
Olimpiada Ivanova,,Russia,,,Race walking,,1997,2 years,,,,,Stanazolol,,
Kathy Jager,,United States,,F,,,29/06/2011,2 years,25/09/2013,,,,Hydrochlorothiazide & Chlorothiazide,,
Regina Jacobs,,United States,,,Middle distance,,2003,4 years,,,,,THG,,
Norjannah Hafiszah Jamaludin,,Malaysia,,,Sprinting,,2011,2 years,,,,,Evading doping control,,
Patrick Jarrett,,Jamaica,,,Sprinting,,2001,2 years,,,,,Stanozolol,,
Helena Javornik,,Slovenia,,,Middle/Long distance,,2008,2 years,,,,,EPO,,
Mark Jelks,,United States,,,Sprinting,,2010,2 year ban,,,,,3 Whereabouts failures,,
Cordera Jenkins,,United States,,,Hurdling,,2006,Public warning,,,,,Cannabis,,
Rita Jeptoo,,Kenya,,,Marathon,,2014,2 years,,,,,EPO,,
Agatha Jeruto Kimaswai,,Kenya,,,Middle distance,,2015,4 years,,,,,Norandrosterone,,
Olivera Jevtic,,Yugoslavia,,,Long distance,,2002,Public warning and disqualification from the 2002 New York City Marathon,,,,,Ephedrine,,
Antonio David Jiminez,,Spain,,,Steeplechase,,2014,3 years,,,,,Possession of a prohibited substance,,
Ben Johnson,,Canada,,,Sprinting,,1988,2 years,,,,,Positive test :Stanozolol,,
Ben Johnson,,Canada,,,Sprinting,,1989,,,,,,Self admittance: Steroids (1982?1988),,
Ben Johnson,,Canada,,,Sprinting,,1993,Life ban,,,,,Testosterone,,
Ben Johnson,,Canada,,,Sprinting,,1999,,,,,,Hydrochlorothiazide,,
Gea Johnson,,United States,,,Heptathlon,,1994,4 years,,,,,Anabolic steroids,,
Marion Jones,,United States,,,Sprinting/Long jump,,2000?2006,2 years,,,,,THG (investigation > admittance),,
LaVerne Jones-Ferrette,,United States Virgin Islands,,,Sprinting,,2010,6 months,,,,,Clomiphene,,
Sini Jose,,India,,F,Sprinting,,12/06/2011,2 years,30/06/2013,,,,Methandienone,,
Milan Jotanovic,,Serbia,,,Shot put,,2008,8 months,,,,,Salbutamol,,
Dariusz Juzyszyn,,Poland,,,Discus throw,,1983,,,,,,,,
Robert Kajuga,,Rwanda,,,Long distance,,2015,4 years,,,,,Refusal,,
Abubaker Ali Kamal,,Qatar,,,Middle distance,,2011,2 years,,,,,EPO,,
Pauline Kahenya,,Kenya,,,Long distance,,2013,1 year,,,,,Prednisone & Prednisolone,,
Alissa Kallinikou,,Cyprus,,,Sprinting,,2008,2 years,,,,,Testosterone,,
Tayeb Kalloud,,Algeria,,,Long distance,,2008,2 years,,,,,Norandrosterone,,
Svetlana Kanatova,,Russia,,,Middle distance,,,,,,,,,,
Vladimir Kanaykin,,Russia,,,Race walking,,2008,2 years,,,,,EPO,,
Vladimir Kanaykin,,Russia,,,Race walking,,2011,8 years,,,,,Biological passport,,
Olga Kaniskina,,Russia,,,Race walking,,2009,3 years and 2 months,,,,,Biological passport,,
Adil Kaouch,,Morocco,,,Middle distance,,2007,2 years,,,,,EPO,,
Anastasiya Kapachinskaya,,Russia,,,Sprinting,,2004,2 years,,,,,Stanozolol,,
Julien Kapek,,France,,,Triple jump,,2009,1 year,,,,,3 Whereabouts Failures within 18-month period,,
Natallia Kareiva,,Belarus,,,Middle distance,,2010,2 years,,,,,Biological passport,,
Halina Karnatsevich,,Belarus,,,Long distance,,2006,2 years,,,,,Stanozolol,,
Yanina Karolchyk-Pravalinskaya,,Belarus,,,Shot put,,2003,2 years,,,,,Clenbuterol,,
Mandeep Kaur,,India,,F,Sprinting,,25/05/2011,2 years,23/06/2013,,,,Stanozolol & Methandienone,,
Ali Ekber Kayas,,Turkey,,,Sprinting,,2012,2 years,,,,,Oxandrolone,,
Tatyana Kazankina,,Soviet Union,,,Middle distance,,1984,18 months,,,,,Refusal to submit to doping control,,
Heni Kechi,,France,,,Sprinting,,2007,3 months,,,,,Cannabis,,
Lisa Kehler,,Great Britain,,F,Race walking,,2007,Public warning,,,,,Terbutaline,,
Naman Keita,,France,,,"Hurdling, sprinting",,2007,2 years,,,,,Testosteroneprecursors,,
Gloria Kemasuode,,Nigeria,,,Sprinting,,2009,2 years,,,,,Metenolone & ephedrine,,
(Gloria Ubiebor),,Nigeria,,,Sprinting,,2009,2 years,,,,,Metenolone & ephedrine,,
Simon Kemboi,,Kenya,,,Sprinting,,2000,,,,,,Nandrolone,,
Kostas Kenteris,,Greece,,,Sprinting,,2004,,,,,,Evasion of doping control,,
Kamy Keshmiri,,United States,,,Discus throw,,1992,,,,,,Methandienone,,
Atalelech Ketema,,United States,,,Marathon,,2014,2 years,,,,,Ephedrine,,
Meryem Khali,,Morocco,,,Long distance,,2012,2 years,,,,,Norandrosterone,,
Gulfiya Khanafeyeva,,Russia,,,Hammer throw,,Unknown,3 months,,,,,Unknown,,
Gulfiya Khanafeyeva,,Russia,,,Hammer throw,,2007,33 months,,,,,Fraudulent substitution of urine,,
Yekaterina Khoroshikh,,Russia,,,Hammer throw,,2007,2 years,,,,,6?-methylandrostendione,,
Irina Khudoroshkina,,Russia,,,Shot put,,2004,2 years,,,,,Hydrochlorothiazide,,
Molly Killingbeck,,Canada,,,Sprinting,,1980's,,,,,,Self admittance of steroid use (Dubin inquiry),,
Gary Kinder,,United States,,,Decathlon,,1991,(2 years) overturned due to flaws in testing protocol,,,,,Failure to appear for mandatory drug test,,
Benjamin Kipkurui,,Kenya,,,Middle distance,,2013,3 months,,,,,,,
Abraham Kiprotich,,France,,,Marathon,,2013,2 years,,,,,EPO,,
Nabil Kirame,,Morocco,,,Discus throw,,2006,Public warning,,,,,Cannabis,,
Nabil Kirame,,Morocco,,,Discus throw,,2015,4 years,,,,,Stanozolol,,
UmmÅu Kiraz,,Turkey,,,Long distance,,2011,2 years and 6 months,,,,,Biological passport,,
Sergey Kirdyapkin,,Russia,,,Race walking,,2009,3 years and 2 months,,,,,Biological passport,,
Mathew Kipkoech Kisorio,,Kenya,,,Long distance,,2012,2 years,,,,,Norandrosterone,,
Rael Kiyara,,Kenya,,F,Long distance,,28/05/2012,2 years,18/07/2014,,,,Norandrosterone,,
Svetlana Klyuka,,Russia,,F,Middle distance,,15/08/2009,2 years,09/02/2014,,,,Biological passport,,
Markus Koistinen,,Finland,,,Shot put,,1996,4 years,,,,,hCG (Human chorionic gonadotropin),,
Nemanja Kojic,,Serbia,,,Middle distance,,2015,2 years,,,,,Furosemide,,
Teodora Kolarova,,Bulgaria,,,Middle distance,,2007,2 years,,,,,Testosterone,,
Nikolay Kolev,,Bulgaria,,,Discus throw,,1987,,,,,,,,
Francisca Koki,,Kenya,,,Hurdling,,2015,4 years,,,,,Furosemide,,
Koki Manunga,,Kenya,,,Hurdling,,2015,4 years,,,,,Furosemide,,
Eirini Kokkinariou,,Greece,,,Steeplechase,,2009,4 years,,,,,Biological passport,,
Mikulas Konopka,,Slovakia,,,Shot put,,2002,2 years,,,,,Stanozolol,,
Mikulas Konopka,,Slovakia,,,Shot put,,13/05/2008,Life ban,,,,,Methandienone,,
Ilya Konovalov,,Russia,,,Hammer throw,,2006,2 years,,,,,Acetazolamide,,
Mariya Konovalova,,Russia,,,Long distance,,2009,2 years,,,,,Biological passport,,
Oleksandr Korchmid,,Ukraine,,,Pole vault,,2009,Public warning,,,,,Ephedrine,,
Aleksey Korolev,,Russia,,,Hammer throw,,2009,2 years,,,,,Methandienone,,
Irina Korzhanenko,,Russia,,,Shot put,,1999,2 years,,,,,Steroids,,
Irina Korzhanenko,,Russia,,,Shot put,,2004,Life ban,,,,,Stanozolol,,
Yekaterina Kostetskaya,,Russia,,,Middle distance,,2011,2 years,,,,,Biological passport,,
Dmytro Kosynskyy,,Ukraine,,M,Javelin throw,,18/06/2011,2 years,19/08/2013,,,,Testosterone,,
Tatyana Kotova,,Russia,,,Long jump,,2005,2 years,,,,,Formestane,,
Tatyana Kotova,,Russia,,,Long jump,,(Sample retested 2013),,,,,,Formestane,,
Zoltan Kovago,,Hungary,,,Discus throw,,11/08/2011,2 years,05/07/2014,,,,Refusal to submit,,
Ayman Kozhakhmetova,,Kazakhstan,,,Race walk,,2013,2 years,,,,,"Testosterone,EPO",,
Katrin Krabbe,,Germany,,,Sprinting,,1992,3 years,,,,,Clenbuterol,,
Inessa Kravets,,Ukraine,,,Long/Triple jump,,1993,3 months,,,,,Stimulant,,
Inessa Kravets,,Ukraine,,,Long/Triple jump,,2000,2 years,,,,,Anabolic steroid,,
Lyubov Kremlyova,,Russia,,,Middle distance,,1995,4 years,,,,,Steroids,,
Heidi Krieger,,East Germany,,,Shot put,,1980's,?,,,,,Self admission:Anabolic steroids,,
(Andreas Krieger),,East Germany,,,Shot put,,1980's,?,,,,,Self admission:Anabolic steroids,,
Svetlana Krivelyova,,Russia,,,Shot put,,2004,2 years,,,,,Oxandrolone,,
Svetlana Krivelyova,,Russia,,,Shot put,,(Sample retested 2012),,,,,,,,
Valentin Kruglyakov,,Russia,,,Sprinting,,2013,4 years,,,,,Nandrolone,,
Pavel Kryvitski,,Belarus,,,Hammer throw,,2015,4 years,,,,,HGH,,
Wioletta Kryza,,Poland,,,Long distance,,2002,2 years,,,,,Testosterone,,
Wioletta Kryza,,Poland,,,Long distance,,2012,8 years,,,,,,,
Anastassya Kudinova,,Kazakhstan,,,Sprinting,,2016,4 years,,,,,Drostanolone,,
Anil Kumar,,India,,,Discus throw,,2005,2 years,,,,,Norandrosterone,,
Eyerusalem Kuma,,Ethiopia,,,Long distance,,2013,2 years,,,,,EPO,,
Kagisho Kumbane,,South Africa,,M,Sprinting,,25/02/2012,2 years,14/03/2014,,,,Norandrosterone,,
Yeliz Kurt,,Turkey,,,Middle distance,,2013,2 years,,,,,Stanozolol,,
Damian Kusiak,,Poland,,M,Shot put,,15/06/2012,2 years,14/06/2014,,,,Stanozolol,,
Olga Kuzenkova,,Russia,,,Hammer throw,,2004,2 years,,,,,Formestane & Hydroxytestosterone,,
Olga Kuzenkova,,Russia,,,Hammer throw,,(Sample retested 2012),,,,,,,,
Cosmas Kyeva,,Kenya,,M,,,05/02/2012,2 years,26/02/2014,,,,Norandrosterone,,
Mikko Kyyro,,Finland,,,Discus throw,,2007,Public warning,,,,,Methylprednisolone,,
Abdelhadi Labali,,Morocco,,,Middle distance,,2012,2 years,,,,,Biological passport,,
Soumiya Labani,,Morocco,,,"Long distance, cross country",,2003,2 years,,,,,Nandrolone,,
Florent Lacasse,,France,,,Middle distance,,2007,2 years,,,,,Testosteroneprecursors,,
Amine Laalou,,Morocco,,,Middle distance,,2012,2 years,,,,,Furosemide,,
Amine Laalou,,Morocco,,,Middle distance,,2016,8 years,,,,,EPO,,
Aziz Lahbabi,,Morocco,,,Long distance,,2011,6 months,,,,,Methylhexanamine,,
Laiyuan Gao,,China,,,Long distance,,2012,2 years,,,,,Anabolic steroids,,
Burger Lambrechts,,South Africa,,,Shot put,,2001,2 years,,,,,Stanozolol,,
Enrique Llanos,,Puerto Rico,,,Hurdling,,2008,2 years,,,,,Stanozolol,,
Elena Lashmanova,,Russia,,,Race walking,,2014,2 years,,,,,GW1516,,
Svetlana Laukhova,,Russia,,,Hurdling,,2001,,,,,,,,
Bola Gee Lawal,,Nigeria,,,Sprinting,,2010,2 years,,,,,Methandienone,,
Jeff Laynes,,United States,,,Sprinting,,2001,2 years,,,,,Stanozolol,,
Yuliya Leantsiuk,,Belarus,,,Shot put,,2008,2 years,,,,,Testosterone,,
Suzette Lee,,Jamaica,,,Triple jump,,2005,Public warning,,,,,Salbutamol,,
Mikhail Lemaev,,Russia,,,Marathon,,2009,2 years,,,,,Biological passport,,
Assunta Legnante,,Italy,,,Shot put,,2000,Public warning,,,,,,,
Asmae Leghzaoui,,Morocco,,,Middle distance,,2003,2 years,,,,,EPO,,
Aleksey Lesnichiy,,Belarus,,,High jump,,2004,2 years,,,,,Clenbuterol,,
Mikolaj Lewanski,,Poland,,,Sprinting,,2007,Public warning,,,,,Cannabis,,
Carl Lewis,,United States,,M,"Sprinting, long jump",,,,,,,,"Pseudoephedrine, ephedrine & phenylpropanolamine(inadvertent use)",,
Mark Lewis-Francis,,Great Britain,,M,Sprinting,,2005,Public warning,,,,,Cannabis,,
Li Ji,,China,,,Long distance,,2001,2 years,,,,,,,
Elmar Lichtenegger,,Austria,,,Hurdling,,2003,15 months,,,,,Nandrolone,,
Elmar Lichtenegger,,Austria,,,Hurdling,,20/11/2007,Life ban,,,,,Norandrosterone,,
Lim Eun-ji,,South Korea,,,Pole vault,,2010,3 months,,,,,Hydrochlorothiazide & Chlorothiazide,,
Lim Hee-nam,,South Korea,,,Sprinting,,2011,6 months,,,,,Methylhexaneamine,,
Lin Na,,China,,,Middle distance,,2002,2 years,,,,,,,
Piotr Lisek,,Poland,,M,Pole vault,,15/06/2012,6 months,14/12/2012,,,,Methylhexaneamine,,
Lin Yili,,China,,,,,,,,,,,,,
Liu Hong,,China,,,Race walk,,2016,1 month,,,,,Higenamine,,
Liu Huyuan,,China,,,Long distance,,2002,2 years,,,,,,,
Liu Jing,,China,,,Hurdling,,2001,2 years,,,,,Refusal to submit to doping control,,
Liu Yunfeng,,China,,,Race walking,,2001,,,,,,,,
Jason Livingston,,Great Britain,,M,Sprinting,,1992,4 years,,,,,Methandienone,,
Jud Logan,,United States,,,Hammer throw,,1992,4 years,,,,,Clenbuterol,,
Cathal Lombard,,Ireland,,,Middle distance,,2004,2 years,,,,,EPO,,
Andrea Longo,,Italy,,,Middle distance,,2001,2 years,,,,,Nandrolone,,
Gilmar Lopes,,Brazil,,,Long distance,,2014,1 year,,,,,Hydrochlorothiazide,,
Juan Miguel Lopez,,Cuba,,,Triple jump,,1986,,,,,,,,
Wilson Loyanae,,Kenya,,,Long distance,,2012,2 years,,,,,EPO,,
Chris Lukezic,,United States,,,Middle distance,,2010,2 years,,,,,Refusal to submit to doping control,,
Nataliia Lupu,,Ukraine,,,Middle-distance,,2014,9 months,,,,,Methylhexaneamine,,
LÅ Huihui,,China,,,Javelin throw,,2013,1 year,,,,,,,
Vyacheslav Lykho,,Soviet Union,,,Shot put,,1990,,,,,,Pseudoephedrine,,
Tatyana Lysenko,,Russia,,,Hammer throw,,2007,2 years,,,,,6?-methylandrostendione,,
Kaarlo Maaninka,,Finland,,,Long distance,,1980,?,,,,,Self admittance: Blood transfusioins (not illegal at the time),,
Remigius Machura(born 1960),,Czechoslovakia,,,Shot put,,1985,2 years(Reduced from life ban),,,,,Stanozolol,,
Remigius Machura(born 1986),,Czech Republic,,,Shot put,,2010,2 years,,,,,HGH,,
Colin Mackenzie,,Great Britain,,M,Javelin throw,,1994,3 months,,,,,,,
Simon Magakwe,,South Africa,,,Sprinting,,2014,2 years,,,,,Refusal to submit to doping control,,
Maurren Maggi,,Brazil,,,Long jump,,2003,2 years,,,,,Clostebol,,
Mike Mahovlich,,Canada,,,Javelin throw,,1986,,,,,,,,
Edi Maia,,Portugal,,,Pole vault,,2008,"Public warning, disqualification from events",,,,,Cannabis,,
Pascal Mancini,,Switzerland,,,Sprinting,,20/11/2011,Public warning,,,,,Undisclosed,,
Pascal Mancini,,Switzerland,,,Sprinting,,2012,2 years,29/01/2014,,,,Norandrosterone,,
Luvo Manyonga,,South Africa,,,Long jump,,20/03/2012,18 months,20/09/2013,,,,Methamphetamine,,
Irina Maracheva,,Russia,,,Middle distance,,2012,2 years,,,,,Biological passport,,
Pascal Maran,,France,,,Hurdling,,1997,Public warning and disqualification,,,,,Ephedrine,,
Natalia Marasescu,,Romania,,,Middle distance,,1979,8 months,,,,,Anabolic steroids,,
Brian Mariano,,Netherlands,,,Sprinting,,2016,4 years,,,,,Stanozolol,,
Martin Maric,,Croatia,,,Discus throw,,2014,2 years,,,,,Ostarine(SARMs),,
Itay Margalit,,Israel,,,High jump,,1999,,,,,,Nandrolone,,
Marina Marghieva,,Moldova,,F,Hammer throw,,03/07/2012,2 years,13/03/2014,,,,Stanozolol,,
Zalina Marghieva,,Moldova,,,Hammer throw,,2009{Retested 2013),2 years,,,,,"Dehydrochloromethyltestosterone,stanozolol",,
Dzmitry Marshin,,Azerbaijan,,,Hammer throw,,2015,4 years,,,,,Dehydrochloromethyltestosterone,,
LaVonna Martin-Floreal,,United States,,,Hurdling,,1991,14 months(Reduced from 2 years),,,,,Furosemide,,
David Martinez,,Spain,,,Discus throw,,1997,2 years,,,,,Nandrolone,,
Yousef Masrahi,,Saudi Arabia,,,Sprinting,,2016,4 years,,,,,EPO,,
Maude Mathys,,Switzerland,,,Ultramarathon/Ski mountaineering,,2015,Public warning,,,,,Clomifene,,
Richard Mavuso,,South Africa,,M,Long distance,,22/05/2011,2 years,16/06/2013,,,,Norandrosterone,,
Natasha Mayers,,Saint Vincent and the Grenadines,,,Sprinting,,2005,2 years,,,,,T/E-4,,
Eduard Mbengani,,Portugal,,M,Middle/Long distance,,23/12/2010,2 years,16/02/2013,,,,EPO,,
John McEwen,,United States,,,Hammer throw,,2003,2 years,,,,,"Tetrahydrogestrinone,Modafinil",,
Mark McKoy,,Canada,,,Hurdling,,1980's,2 years,,,,,Self admittance of steroid use (Dubin inquiry),,
Inika McPherson,,United States,,,High jump,,2014,21 months,,,,,Benzoylecgonine,,
Ekaterina Medvedeva,,Russia,,,Race Walking,,2013,2 years,,,,,EPO,,
Nijole Medvedeva,,Lithuania,,,Long jump,,1992,,,,,,Mesocarb,,
Fathi Meftah,,Algeria,,,Long distance,,2008,2 years,,,,,Norandrosterone,,
Irina Meleshina,,Russia,,F,Long jump,,07/02/2012,2 years,20/02/2014,,,,Testosterone,,
Jimmy Melfort,,France,,M,Sprinting,,07/07/2012,3 months,27/11/2012,,,,Methylhexaneamine,,
Mihaela Melinte,,Romania,,,Hammer throw,,2000,2 years,,,,,Nandrolone,,
Miroslav Menc,,Czech Republic,,,Shot put,,1998,2 years,,,,,Stanozolol,,
Miroslav Menc,,Czech Republic,,,Shot put,,2001,Life ban,,,,,Norandrosterone,,
Amewu Mensah,,Germany,,,High jump,,2001,2 years,,,,,Oxandrolone,,
LaShawn Merritt,,United States,,,Sprinting,,2009/2010,21 months,,,,,Testosterone,,
Elena Meuti,,Italy,,,High jump,,2012,5 months,,,,,Tetrahydrocannabinol,,
Karin Mey Melis,,Turkey,,,Long jump,,2012,2 years,,,,,Testosterone,,
Gabriela Mihalcea,,Romania,,,High jump,,1987,2 years,,,,,,,
Andrei Mikhnevich,,Belarus,,,Shot put,,2001,2 years,,,,,Human chorionic gonadotropin,,
Andrei Mikhnevich,,Belarus,,,Shot put,,2005(Retested in 2012),Life ban,,,,,"Clenbuterol,Methandienone,Oxandrolone",,
Natallia Mikhnevich,,Belarus,,,Shot put,,2013,2 years,,,,,Stanozolol,,
Inger Miller,,United States,,,Sprinting,,1999,Public warning,,,,,Caffeine,,
Tatyana Mineeva,,Russia,,,Race walking,,2011,2 years,,,,,Biological passportanomalies,,
Ildar Minshin,,Russia,,,Steeplechase,,2009,2 years,,,,,Biological passportanomalies,,
Yevgeniy Mironov,,Soviet Union,,,Shot put,,1978,18 months,,,,,Anabolic steroids,,
Anna Mishchenko,,Ukraine,,,Middle distance,,2012,2 years,,,,,Biological passport,,
Dennis Mitchell,,United States,,,Sprinting,,1998,2 years,,,,,Testosterone,,
Dennis Mitchell,,United States,,,Sprinting,,BALCO scandal,?,,,,,Admittance in court:HGH,,
Diane Modahl,,United Kingdom,,,Middle distance,,1994,Fully exonerated,,,,,Testosterone,,
Ofentse Mogawane,,South Africa,,,Sprinting,,2006,Public warning,,,,,Methylprednisolone,,
Ghofrane Mohammad,,Syria,,,Hurdling,,2012,6 months,,,,,Methylhexaneamine,,
Felicia Moldovan,,Romania,,,Javelin throw,,1990,2 years,,,,,,,
(Felicia Tilea),,Romania,,,Javelin throw,,1990,2 years,,,,,,,
Tim Montgomery,,United States,,M,Sprinting,,2001,2 years,,,,,"BALCO investigation:Steroids,HGH",,
Tim Montgomery,,United States,,M,Sprinting,,2000,,,,,,"Public admittance in 2008:Testosterone,HGH",,
Amantle Montsho,,Botswana,,,Sprinting,,2014,2 years,,,,,Methylhexaneamine,,
Luis Morales,,Puerto Rico,,,Sprinting,,1988,2 years,,,,,,,
Sara Moreira,,Portugal,,F,Long-distance,,2011,6 months,,,,,Methylhexaneamine,,
Edder Moreno,,Colombia,,,Shot put,,2014,2 years,,,,,Stanozolol,,
Sheryl Morgan,,Jamaica,,,Sprinting,,2003,Public warning,,,,,,,
Sergey Morozov,,Russia,,,Race walking,,2008,2 years,,,,,EPO,,
Sergey Morozov,,Russia,,,Race walking,,2011,Life ban,,,,,Biological passportanomalies,,
Ramolefi Motsieloa,,Lesotho,,,Long distance,,2014,2 years,,,,,Methylhexaneamine,,
William Motti,,France,,,Decathlon,,1989,2 years,,,,,,,
Bertrand Moulinet,,France,,,Race walking,,2015,4 years,,,,,FG-4592(HIF inhibitor),,
Hassan Mourhit,,Belgium,,,Long distance,,2008,2 years,,,,,Anastrozol,,
Mohammed Mourhit,,Belgium,,,Middle/Long distance,,2002,2 years,,,,,EPO,,
Gael Mulhall,,Australia,,,"Discus throw, shot put",,1981,18 months,,,,,Anabolic steroids,,
µngel Mullera,,Spain,,,Steeplechase,,2015,2 years,,,,,Refusal,,
Steve Mullings,,Jamaica,,,Sprinting,,2004,2 years,,,,,Testosterone,,
Steve Mullings,,Jamaica,,,Sprinting,,2011,Life ban,,,,,Furosemide,,
Julia Mumbi Muraga,,Kenya,,,Marathon,,2014,2 years,,,,,EPO,,
Jauna Murmu,,India,,F,Sprinting,,25/05/2011,2 years,23/06/2013,,,,Methandienone,,
Sammy Alex Mutahi,,Kenya,,,Long distance,,2011,"Public reprimand, disqualification of result",,,,,,,
Elizabeth Muthuka,,Kenya,,,Sprinting,,2008,2 years,,,,,Norandrosterone,,
Semiha Mutlu,,Turkey,,,Race walk,,2011,2 years and 6 months,,,,,Biological passport,,
Semiha Metlu-Ozdemir,,Turkey,,,Race walk,,2011,2 years and 6 months,,,,,Biological passport,,
Carl Myerscough,,Great Britain,,M,Shot put,,1999,2 years,,,,,Anabolic steroids,,
Melissa Myerscough(nÇe Melissa Price),,United States,,,Hammer throw,,2003,2 years,,,,,THG,,
Larry Myricks,,United States,,,Long jump,,1990,,,,,,Phenylpropanolomine,,
CÇdric Nabe,,Switzerland,,,Sprinting,,2011,18 monthsExtended by CAS from 1 year,,,,,Whereabouts failure û3,,
Rachid Nadij,,Morocco,,,Long distance,,2007,3 months,,,,,Ephedrine,,
Kaltouma Nadjina,,Chad,,,Sprinting,,2009,Reprimand and disqualification of result,,,,,,,
Tezzhan Naimova,,Bulgaria,,,Sprinting,,2008,2 years,,,,,Tampering with test,,
Tezzhan Naimova,,Bulgaria,,,Sprinting,,2013,Life ban,,,,,Drostanolone,,
Cosmas Ndeti,,Kenya,,,Long distance,,1988,3 months,,,,,Ephedrine,,
Lisa Nemec,,Croatia,,,Long distance,,2015,4 years,,,,,EPO,,
John Ngugi,,Kenya,,,Long distance,,1993,,,,,,Missed test,,
Antoni Niemczak,,Poland,,,Marathon,,1986,2 years,,,,,Nandrolone,,
Larisa Nikitina,,Soviet Union,,,Heptathlon,,1990,,,,,,Amphetamines,,
(Larisa Turchinskaya),,Soviet Union,,,Heptathlon,,1990,,,,,,Amphetamines,,
Ilja Nikolajev,,Estonia,,,Marathon,,2013,2 years,,,,,Biological passport,,
Lars Arvid Nilsen,,Norway,,,Shot put,,1987,2 years,,,,,Probenecid & Anabolic steroids,,
Lars Arvid Nilsen,,Norway,,,Shot put,,1992,Life ban,,,,,Metenolone,,
Cyrus Njui,,Kenya,,,Long distance,,2015,8 months,,,,,Methylephedrine,,
Siyabonga Nkonde,,South Africa,,,Cross country running,,2014,6 months,,,,,,,
Nadia Noujani,,Morocco,,,Long distance,,2014,2 years,,,,,EPO,,
Jonathan Nsenga,,Belgium,,,Hurdling,,1997,,,,,,Ephedrine,,
Juan Nunez,,Dominican Republic,,,Sprinting,,1983,,,,,,Fencamfamine,,
Liliya Nurutdinova,,Russia,,,Middle distance,,1993,4 years,,,,,Stanozolol,,
Musa Amer Obaid,,Qatar,,,Steeplechase,,2006,2 years,,,,,Testosterone,,
Al Oerter,,United States,,,Discus throw,,1976,?,,,,,Anabolic steroids. (Self-admitted),,
Deborah Oluwaseun Odeyemi,,Niger,,,Sprinting,,2015,4 years,,,,,Metenolone,,
Amaka Ogoegbunam,,Nigeria,,,Sprinting,,2009,3 years,,,,,Metenolone,,
Femi Ogunode,,Qatar,,M,Sprinting,,15/12/2011,2 years,08/01/2014,,,,Clenbuterol,,
Christine Ohuruogu,,Great Britain,,F,Sprinting,,2006,1 year,,,,,3 whereabouts failures,,
Aham Okeke,,Norway,,,Sprinting,,1994,30 months,,,,,Testosterone & Pseudoephedrine,,
Aham Okeke,,Norway,,,Sprinting,,2006,Life ban,,,,,Testosterone,,
Samuel Okon,,Nigeria,,,Hurdling,,2010,,,,,,Methylhexanamine,,
Iulia Olteanu,,Romania,,,Cross country,,1996,2 years,,,,,Stanozolol,,
Omolara Omotosho,,Nigeria,,,Sprinting,,2009,2 years,,,,,Metenolone,,
Mary Onyali-Omagbemi,,Nigeria,,,Sprinting,,1996,3 months,,,,,Ephedrine,,
Janet Ongera,,Kenya,,,Long distance,,2002,2 years,,,,,Norandrosterone,,
Josephine Onyia,,Spain,,,Hurdling,,2008,2 years,,,,,Methylhexaneamine & Clenbuterol,,
Josephine Onyia,,Spain,,,Hurdling,,2011,2 years,,,,,Methylhexaneamine,,
Josephine Onyia,,Spain,,,Hurdling,,2015,Life ban,,,,,Metenolone,,
Charity Opara,,Nigeria,,,Sprinting,,1992,4 years,,,,,,,
Helder Ornelas,,Portugal,,M,Marathon,,2010,4 years,12/01/2016,,,,Biological passport,,
Yolanda Osana,,Dominican Republic,,,Hurdling,,2012,2 years,,,,,Stanozolol,,
Oludamola Osayomi,,Nigeria,,,Sprinting,,2010,,,,,,Methylhexaneamine,,
Artur Osman,,Poland,,,Long distance,,2005,2 years,,,,,Norandrosterone,,
Nadzeya Ostapchuk,,Belarus,,,Shot put,,2012,4 years,,,,,Metenolone,,
Nadzeya Ostapchuk,,Belarus,,,Shot put,,2005(Retested in 2012),,,,,,Formestane & 4-Hydroxytestosterone,,
Hanane Ouhaddou,,Morocco,,,Steeplechase,,2009,2 years,,,,,Biological passport,,
Lawretta Ozoh,,Nigeria,,F,Sprinting,,11/07/2012,2 years,11/07/2014,,,,Stanozolol,,
Noraldo Palacios,,Colombia,,,Javelin throw,,2008,6 months,,,,,Betamethasone,,
Gergely Palqgyi,,Hungary,,,Hurdling,,2006,2 years,,,,,Stanozolol,,
Diego Palomeque,,Colombia,,,400 m,,2012,2 years,,,,,Testosterone,,
Geza Pauer,,Hungary,,,Sprinting,,2006,2 years,,,,,Boldenone,,
Vita Pavlysh,,Ukraine,,F,Shot put,,1999,2 years,,,,,Stanozolol,,
Vita Pavlysh,,Ukraine,,F,Shot put,,05/03/2004,Life ban,,,,,Stanozolol,,
Yevgeniya Pecherina,,Russia,,,Discus throw,,2011,2 years,,,,,Methandienone,,
Yevgeniya Pecherina,,Russia,,,Discus throw,,2013,10 years,,,,,Oral Turinabol,,
Arne Pedersen,,Norway,,,Shot put,,1987,3 years,,,,,Probenecid,,
Larisa Peleshenko,,Russia,,,Shot put,,1995,4 years,,,,,Steroid,,
Lyubov Perepelova,,Uzbekistan,,,Sprinting,,2005,2 years,,,,,Hydrochloromethyltestosterone,,
Vanja Perisic,,Croatia,,,Middle distance,,2008(Sample re-analysed 2009),2 years,,,,,CERA,,
Sandra Perkovic,,Croatia,,,Discus throw,,2011,6 months,,,,,Methylhexanamine,,
Asko Pesonen,,Finland,,,High jump,,1977,1 year,,,,,Anabolic steroid,,
Tetiana Petlyuk,,Ukraine,,,Middle distance,,2009,2 years,,,,,Biological passportanomalies,,
Antonello Petrei,,Italy,,,Long distance,,2007,2 years,,,,,NESP(EPO),,
Totka Petrova,,Bulgaria,,,Middle distance,,1979,8 months,,,,,Anabolic steroids,,
Antonio Pettigrew,,United States,,,400 m,,1997?2001,2 years,,,,,"Admittance in court :HGH,EPO",,
Denis Petushinskiy,,New Zealand,,,Pole vault,,1998,4 years,,,,,Stanozolol,,
Lebogang Phalula,,South Africa,,,Cross country running,,2011,1 year(Extended from 3 months),,,,,Methylhexaneamine,,
Chris Phillips,,United States,,,110 m hurdles,,2003,Public warning,,,,,Modafinil,,
Amaia Piedra,,Spain,,,Long distance,,2005,2 years,,,,,EPO,,
Bruce Pirnie,,Canada,,,Shot put,,,,,,,,Self admittance (Dubin inquiry): Steroids,,
Darya Pishchalnikova,,Russia,,,Discus throw,,2007,33 months,,,,,Fraudulent substitution of urine,,
Darya Pishchalnikova,,Russia,,,Discus throw,,2012,10 years,,,,,Oxandrolone,,
Vladyslav Piskunov,,Ukraine,,,Hammer trow,,1994,Life ban,,,,,Drostanolone,,
Vladyslav Piskunov,,Ukraine,,,Hammer trow,,08/08/2005,Life ban,,,,,,,
Darya Pizhankova,,Ukraine,,F,Sprinting,,16/07/2011,2 years,,,,,Stanozolol,,
Darya Pizhankova,,Ukraine,,F,Sprinting,,2013,Life ban,,,,,Drostanolone,,
Maurie Plant,,Australia,,,Manager,,,,,,,,Official who substituted one athlete's urine for another prior to a test.,,
Daniel Plaza,,Spain,,,Race walking,,1996,2 years,,,,,Nandrolone,,
Ben Plucknett,,United States,,,Discus throw,,1981,,,,,,Anabolic steroids,,
Hristos Polihroniou,,Greece,,,Hammer throw,,2005,2 years,,,,,Clomiphene,,
Hristos Polihroniou,,Greece,,,Hammer throw,,2008,Life ban,,,,,Refusal to submit to doping control,,
Dmitriy Polyunin,,Uzbekistan,,,Javelin throw,,1993,,,,,,Stanozolol,,
Liliana Popescu,,Romania,,,Middle distance,,2008,2 years,,,,,EPO,,
Svetlana Pospelova,,Russia,,,400 m,,2000,2 years,,,,,Stanozolol,,
Asafa Powell,,Jamaica,,,Sprinting,,2013,6 months,,,,,Oxilofrine,,
Donovan Powell,,Jamaica,,,Sprinting,,1995,3 months,,,,,Ephedrine,,
Kofi Amoah Prah,,Germany,,,Long jump,,2008,2 years,,,,,Cocaine,,
Kofi Amoah Prah,,Germany,,,Long jump,,2009,2 years,,,,,Competing while banned,,
Iva Prandzheva,,Bulgaria,,,Triple jump/Long jump,,1996,2 years(Reduced from 4),,,,,Methandrostenolone,,
Iva Prandzheva,,Bulgaria,,,Triple jump/Long jump,,2000,Life ban,,,,,Nandrolone,,
Callum Priestley,,Great Britain,,,Hurdling,,2010,2 years,,,,,Clenbuterol,,
Marin Premeru,,Croatia,,,Shot put,,2016,4 years,,,,,GHRP-2,,
Yelena Prokhorova,,Russia,,,Heptathlon,,2005,1 year,,,,,,,
Marcelo Pugliese,,Argentina,,,Discus throw,,2006,2 years,,,,,Stanozolol,,
Susanne Pumper,,Austria,,,Long distance,,2008,2 years,,,,,EPO,,
Susanne Pumper,,Austria,,,Long distance,,2013,8 years,,,,,Possession of a Prohibited Substance,,
Yekaterina Puzanova,,Russia,,,Middle distance,,2003,2 years,,,,,Norandrosterone & androstenedione,,
Nataliya Pyhyda,,Ukraine,,,Sprinting,,2009,2 years,,,,,Stanozolol,,
Paul Quirke,,Ireland,,,Shot put,,1987,,,,,,Missed test,,
Nikolay Raev,,Bulgaria,,,Triple jump,,1993,,,,,,Amphetamine,,
Ebrahim Rahimian,,Iran,,,Race walk,,2013,2 years,,,,,"Testosterone,EPO",,
Pawel Rakoczy,,Poland,,,Javelin throw,,2008,Public warning,,,,,Sibutramine,,
Sara Ramadhani,,Tanzania,,,Cross country running,,2014,2 years,,,,,Isometheptene,,
Rashid Ramzi,,Bahrain,,,Middle distance,,2008{Re-analysed in 2009),2 years,,,,,CERA,,
Allison Randall,,Jamaica,,,Discus throw,,2013,2 years,,,,,Hydrochlorothiazide,,
Kevin Rans,,Belgium,,,Pole vault,,2009,3 months,,,,,Corticosteroids,,
Meliz Redif,,Turkey,,,Sprinting,,2012,3 years,,,,,Biological passport,,
Dimitrios Regas,,Greece,,,Sprinting,,2008,2 years,,,,,Methyltrienolone,,
Julio Rey,,Spain,,,Long distance,,1999,2 years,,,,,Mesterolone,,
Butch Reynolds,,United States,,,Sprinting,,1990,2 years,,,,,Anabolic steroids,,
Antoine Richard,,France,,,Sprinting,,1987,2 years,,,,,,,
Mark Richardson,,Great Britain,,,Sprinting,,1999,18 months (reduced from 2 years),,,,,Nandrolone,,
Elisa Rigaudo,,Italy,,,Race walking,,2002,Public warning,,,,,Caffeine,,
Hristina Risteska,,Macedonia,,,Sprinting,,2015,4 years,,,,,"Stanozolol, methandienone & norandrosterone",,
Jose Rocha,,Portugal,,,Long distance,,2010,2 years,,,,,Biological passportanomalies,,
Mike Rodgers,,United States,,,Sprinting,,2011,9 months,,,,,Methylhexaneamine,,
Rosa America Rodriguez,,Venezuela,,,Long distance,,2010,2 years,,,,,Nandrolone,,
Zudikey Rodriguez,,Mexico,,,Sprinting,,2010,6 months,,,,,Methylhexanamine,,
Marielis Rojas,,Venezuela,,F,High jump,,27/10/2011,2 years,21/11/2013,,,,Norandrosterone,,
Fabricio Romero,,Brazil,,,High jump,,2000,Public warning,,,,,,,
Analia Rosa,,Portugal,,,Long distance,,2015,2 years,,,,,Methylprednisolone,,
Danuta Rosani,,Poland,,,Discus throw,,1976,,,,,,Steroids,,
Ak Hafiy Tajuddin Rositi,,Brunei,,,Sprinting,,2013,2 years,,,,,Nandrolone,,
Duane Ross,,United States,,,Hurdling,,2001,2 years,,,,,"Possession, trafficking & attempted use",,
Joshua Ross,,Australia,,,Sprinting,,2013,1 year and 6 months,,,,,3 Whereabouts Failures within an 18-month period,,
Serene Ross,,United States,,,Javelin throw,,2005,2 years,,,,,Hydrochlorothiazide & Triamterene,,
Mark Rowe,,United States,,,Sprinting,,1989,2 years,,,,,Methyltestosterone,,
Yuliya Ruban,,Ukraine,,,Marathon,,2012,2 years,,,,,Biological passport,,
Andrey Rudnitskiy,,Russia,,,Sprinting,,2008,2 years,,,,,Carphedon & cannabis,,
Timothy Rusan,,United States,,,Triple jump,,2004,Public warning,,,,,Tetrahydrocannabinol & Salbutamol,,
Yuliya Rusanova,,Russia,,,Middle distance,,2011,2 years,,,,,Biological passportanomalies,,
Ronald Rutto,,Kenya,,M,Long distance,,23/04/2012,2 years,05/06/2014,,,,EPO,,
Andrey Ruzavin,,Russia,,,Race walking,,2011,2 years and 6 months,,,,,Biological passportanomalies,,
Yelena Ryabova,,Turkmenistan,,,Sprinting,,2013,2 years,,,,,Dehydrochloromethyltestosterone,,
Mariya Ryemyen,,Ukraine,,,Sprinting,,2014,2 years,,,,,Methandienone,,
Kseniya Ryzhova,,Russia,,,Sprinting,,2014,9 months,,,,,Trimetazidine,,
Natalya Sadova,,Russia,,,Discus throw,,2001,Public warning,,,,,Caffeine,,
Natalya Sadova,,Russia,,,Discus throw,,2006,2 years,,,,,Methandienone,,
Darya Safonova,,Russia,,,Sprinting,,2005,2 years,,,,,Pemoline,,
Jan Sagedal,,Norway,,,Shot put,,1987,2 years,,,,,Probenecid,,
Jan Sagedal,,Norway,,,Shot put,,1992,4 years,,,,,Methandienone,,
Tugce Sahutoglu,,Turkey,,,Hammer throw,,2013,2 years,,,,,Stanozolol,,
Ali Saidi-Sief,,Algeria,,,Long distance,,2001,2 years,,,,,Nandrolone,,
Jaysuma Saidy Ndure,,Norway,,,Sprinting,,2007,"Public warning, disqualification of results",,,,,Cannabis,,
Pinar Saka,,Turkey,,,Sprinting,,2010,3 years,,,,,Biological passport,,
Mounira Al-Saleh,,Syria,,,Sprinting,,2005,2 years,,,,,Stanozolol,,
Mounira Al-Saleh,,Syria,,,Sprinting,,2010,Life ban,,,,,Stanozolol,,
Jeremias Saloj,,Guatemala,,,Long-distance,,2013,2 years,,,,,EPO,,
Sergio Sanchez,,Spain,,,Long distance,,2013,2 years,,,,,EPO,,
Leevan Sands,,Bahamas,,,Triple jump,,2006,6 months,,,,,Levmetamfetamine,,
Fabiane dos Santos,,Brazil,,,Middle distance,,1995,4 years,,,,,Nandrolone,,
Fabiane dos Santos,,Brazil,,,Middle distance,,2001,Life ban,,,,,Testosterone,,
Leonardo Elisi†rio dos Santos,,Brazil,,,Triple jump,,2009,2 years,,,,,Stanozolol,,
Vladimir Sasimovich,,Belarus,,,Javelin throw,,2004,2 years,,,,,Stanozolol,,
Lindsey Scherf,,United States,,,Long distance,,2007,1 year,,,,,Refusal to submit to doping control,,
Alex Schwazer,,Italy,,,Race walking,,2012,42 months,,,,,EPO,,
Alex Schwazer,,Italy,,,Race walking,,2012,3 months,,,,,Evading doping control,,
Alex Schwazer,,Italy,,,Race walking,,2016,8 years,,,,,Anabolic steroid,,
Dorian Scott,,Jamaica,,,Shot put,,2006,Public warning,,,,,Cannabis,,
Gregory Sedoc,,Netherlands,,,Hurdling,,2011,1 year,,,,,3 whereabouts failures,,
Hezekiel Sepeng,,South Africa,,,Middle distance,,2005,2 years,,,,,Norandrosterone,,
Mustapha Sdad,,Morocco,,,Hurdling,,2002,3 years,,,,,,,
Mohammed Shaween,,Saudi Arabia,,,Middle distance,,2011,3 years,,,,,Biological passport,,
Tony Sharpe,,Canada,,,Sprinting,,1980s,,,,,,Self admittance of steroid use (Dubin inquiry),,
Anzhelika Shevchenko,,Ukraine,,,Middle distance,,2011,2 years,,,,,Biological passport,,
Dmitriy Shevchenko,,Russia,,,Discus throw,,1995,4 years,,,,,Metandienonemetabolite,,
Olga Shishigina,,Kazakhstan,,,Hurdling,,1996,2 years (Reduced from 4 years),,,,,Stanozolol,,
Olga Shchukina,,Uzbekistan,,,Shot put,,2004,2 years,,,,,Clenbuterol,,
Oleksiy Shelest,,Ukraine,,,Race walking,,2009,2 years,,,,,Carphedon,,
Natalya Shekhodanova,,Russia,,F,Hurdling,,1996,2 years,,,,,Stanozolol,,
Natalya Shekhodanova,,Russia,,F,Hurdling,,22/02/2004,Life ban,,,,,Stanozolol,,
Svitlana Shmidt,,Ukraine,,,Middle distance,,2012,4 years,,,,,Biological passport,,
Liliya Shobukhova,,Russia,,,Marathon,,2009,2 years and 7 months (Reduced from 3 years and 2 months),,,,,Biological passport,,
Marina Shmonina,,Russia,,,Sprinting,,1993,4 years,,,,,Stanozolol,,
Sadaf Siddiqui,,Pakistan,,,Sprinting,,2010,2 years,,,,,,,
Ileana Silai,,Romania,,,Middle distance,,1979,8 months,,,,,Anabolic steroids,,
Zdenka Silhava,,Czechoslovakia,,,Discus throw,,1985,18 months(Reduced from life ban),,,,,Anabolic Steroids,,
Fernando Silva,,Portugal,,,Long distance,,2006,2 years,,,,,EPO,,
Fernando Silva,,Portugal,,,Long distance,,2013,8 years,,,,,Biological passport,,
Lucimara da Silva,,Brazil,,,Heptathlon,,2009,2 years,,,,,EPO,,
Simone Alves da Silva,,Brazil,,,Long-distance track running,,2010,3 months,,,,,Oxilofrine,,
Simone Alves da Silva,,Brazil,,,Long-distance track running,,2011,5 years,,,,,EPO,,
Bostjan Simunic,,Slovenia,,,Triple jump,,2006,2 years,,,,,Drostanolone,,
Sherone Simpson,,Jamaica,,,Sprinting,,2013,6 months,,,,,Oxilofrine,,
Neelam Jaswant Singh,,India,,,Discus throw,,2005,2 years,,,,,Pemoline,,
George Skafidas,,Greece,,,Coach,,,Life ban,,,,,"Tampering, possession of a prohibited substance, trafficking and administration of a prohibited substance",,
German Skurygin,,Russia,,,Race walking,,1999,2 years,,,,,Human chorionic gonadotrophin,,
Ilona Slupianek,,East Germany,,,Shot put,,1977,1 year,,,,,Nandrolone,,
Irina Slyusar,,Soviet Union,,,Sprinting,,1991,3 months,,,,,Strychnine,,
Traves Smikle,,Jamaica,,,Discus Throw,,2013,2 years,,,,,Hydrochlorothiazide,,
Yelena Soboleva,,Russia,,,Middle distance,,2007,33 months,,,,,Fraudulent substitution of urine,,
Carolin Soboll,,Germany,,,Javelin throw,,2000,2 years,,,,,Nandrolone,,
Michael Sokolowski,,Canada,,,Sprinting,,1980s,,,,,,Self admittance of steroid use (Dubin inquiry),,
Vasiliy Sokov,,Russia,,,Triple jump,,1995,3 months,,,,,Ephedrine,,
Natallia Solohub,,Belarus,,,Sprinting,,2001,2 years,,,,,Norandrosterone,,
Song Hongjuan,,China,,,Race walking,,2008,4 years,,,,,EPO,,
Song Liqing,,China,,,Long distance,,2001,2 years,,,,,,,
Anastasiya Soprunova,,Kazakhstan,,,Hurdling,,2016,4 years,,,,,Stanozolol,,
Dmitriy Sorokin,,Russia,,M,Triple jump,,18/05/2011,2 years,26/05/2013,,,,Carphedon,,
Javier Sotomayor,,Cuba,,,High jump,,1999,1 year (Reduced from 2 years),,,,,Cocaine,,
Javier Sotomayor,,Cuba,,,High jump,,2001,,,,,,Nandrolon,,
Joao Gabriel Sousa,,Brazil,,,Pole vault,,2009,2 years,,,,,"Exemestane,boldenone",,
Wallace Spearmon,,United States,,,Sprinting,,2014,3 months,,,,,Methylprednisolone,,
Lansford Spence,,Jamaica,,,Sprinting,,2009,3 months,,,,,Methylhexanamine,,
Tania Spindler,,Brazil,,,Race walking,,2012,Public reprimand,,,,,Isometheptene,,
Gundega Sproge,,Latvia,,,Triple jump,,1999,2 years,,,,,Anabolic steroid,,
Vania Stambolova,,Bulgaria,,,Hurdling,,2007,2 years,,,,,Testosterone,,
Michalis Stamatogiannis,,Greece,,,Shot put,,2014,2 years,,,,,Stanozolol,,
Claudia Stef,,Romania,,,Race walking,,2000,2 years,,,,,Nandrolone,,
(Claudia Iovan),,Romania,,,Race walking,,2000,2 years,,,,,Nandrolone,,
Ato Stephens,,Trinidad and Tobago,,,Sprinting,,2009,2 years,,,,,"Oxandrolone, Stanozololand Tamoxifen",,
Ray (Raymond) Stewart,,Jamaica/USA,,M,Coach,,2010,Life ban,,,,,Trafficking and administering of prohibited substances,,
Elena Stoyanova,,Bulgaria,,,Shot put,,1978,18 months,,,,,Anabolic steroids,,
Mike Stulce,,United States,,,Shot put,,1990,2 years,,,,,Testosterone,,
Mike Stulce,,United States,,,Shot put,,1993,Life ban,,,,,Mestanolone,,
Sui Xinmei,,China,,,Shot put,,1991,2 years,,,,,Steroids,,
Sun Yingjie,,China,,,Long distance,,2005,2 years,,,,,Androsterone,,
Lars Sundin,,Sweden,,,Discus throw,,1987,18 months,,,,,Testosterone,,
Goran Svensson,,Sweden,,,Discus throw,,1987,18 months,,,,,Testosterone,,
Art Swarts,,United States,,,Discus throw,,1986,banned,,,,,Testosterone,,
Luketz Swartbooi,,Namibia,,,Long distance,,2005,Public warning,,,,,Prednisolone & prednisone,,
Olesya Syreva,,Russia,,,Middle distance,,2011,2 years,,,,,Biological passport,,
Olesya Syreva,,Russia,,,Middle distance,,2015,8 years,,,,,Metenolone,,
Attila Szabo,,Hungary,,,Decathlon,,2013,1 year,,,,,3 whereabouts failures,,
Gina Coello Tache,,Honduras,,,Marathon,,2001,2 years,,,,,Nandrolone,,
Gregg Tafralis,,United States,,,Shot put,,1995,2 years (Reduced from 4 years),,,,,Methandienone,,
Gregg Tafralis,,United States,,,Shot put,,1999,Life ban,,,,,,,
Teddy Tamgho,,France,,,Triple jump,,2014,1 year,,,,,3 whereabouts failures,,
William Tanui,,Kenya,,,Middle distance,,1993,,,,,,Ephedrine,,
Yoel Tapia,,Dominican Republic,,M,Sprinting,,29/03/2012,6 months,28/02/2013,,,,Methylhexaneamine,,
Kory Tarpenning,,United States,,,Pole vault,,1997,2 years,,,,,Anabolic steroids,,
Angella Taylor-Issajenko,,Canada,,,Sprinting,,1979?1988,Loss of national and world records,,,,,"Self admittance of steroid use (Dubin inquiry): metandienone,oxandrolone,metenolone enanthate,nandrolone,human growth hormone,L-dopa,testosterone,Inosine,Furazabol",,
Gladys Tejeda,,Peru,,,Long distance,,2015,6 months,,,,,Furosemide,,
Lucimar Teodoro,,Brazil,,,Hurdling,,2009,2 years,,,,,Fenproporex,,
Olga Tereshkova,,Kazakhstan,,F,400 metres,,08/07/2011,2 years,,,,,Testosterone,,
Olga Tereshkova,,Kazakhstan,,F,400 metres,,2014,Life ban,,,,,Methyltestosterone,,
Ana Mirela Termure,,Romania,,,Javelin throw,,2001,2 years,,,,,Norandrosterone,,
Ekaterini Thanou,,Greece,,,Sprinting,,2004,2 years,,,,,Missed tests,,
James Kibocha Theuri,,France,,,Long distance,,2014,1 year,,,,,Whereabouts failures,,
Cheryl Thibedeau,,Canada,,,Sprinting,,1987,2 years,,,,,Self admittance of steroid use (Dubin inquiry),,
Cheryl Thibedeau,,Canada,,,Sprinting,,1992,Life ban,,,,,,,
Tsholofelo Thipe,,South Africa,,,Sprinting,,2012,2 years,,,,,Norandrosterone & testosterone,,
Eric Thomas,,United States,,,Hurdling,,2003,Disqualification and public warning,,,,,Modafinil,,
Susen Tiedtke,,Germany,,,Long jump,,1995,2 years,,,,,Turinabol,,
Khalid Tighazouine,,Morocco,,,Middle distance,,2004,2 years,,,,,Nandrolone,,
Ville Tiisanoja,,Finland,,,Shot put,,2006,2 years,,,,,Testosterone,,
Irina Timofeyeva,,Russia,,,Marathon,,2009,2 years,,,,,Bilogical passport,,
Josiane Tito,,Brazil,,,Sprinting/Middle distance,,2009,2 years,,,,,EPO,,
Mamorallo Tjoka,,Lesotho,,,Long distance,,2014,2 years,,,,,"Norandrosterone, Clenbuterol, Methylhexaneamine, EphedrineandPrednisolone",,
Nadiya Tkachenko,,Soviet Union,,,Pentathlon,,1978,18 months,,,,,Anabolic steroids,,
Nataliya Tobias,,Ukraine,,F,Middle distance,,23/08/2011,2 years,10/06/2014,,,,Testosterone,,
Ambesse Tolosa,,Ethiopia,,,Long distance,,2008,2 years,,,,,Morphine,,
Tatyana Tomashova,,Russia,,,Middle distance,,2007,33 months,,,,,Fraudulent substitution of urine,,
Dragutin Topic,,Serbia and Montenegro,,,High jump,,2001,2 years,,,,,Nandrolone,,
Kevin Toth,,United States,,,Shot put,,2003,2 years,,,,,THG,,
Laila Traby,,France,,,Long distance,,2014,3 years,,,,,EPOand refusal,,
Silvana Trampuz,,Australia,,,Long distance,,2001,2 years,,,,,Nandrolone,,
Marina Trandenkova,,Russia,,,Sprinting,,1996,Reprimand,,,,,Bromantane,,
Alex Trembach,,Israel,,,Sprinting,,2008,2 years,,,,,Norandrosterone,,
Ivan Tsikhan,,Belarus,,,Hammer throw,,2004(Sample retested 2012),2 years,,,,,Methandienone,,
Maria Tsirba,,Greece,,,Middle distance,,2003,2 years,,,,,EPO & Ephedrine,,
Athanasia Tsoumeleka,,Greece,,,Race walking,,2008,2 years,,,,,CERA,,
Lyubov Tsyoma,,Russia,,,Middle distance,,1997,2 years,,,,,Stanozolol,,
(Lyubov Kiryukhina-Tsyoma),,Russia,,,Middle distance,,1997,2 years,,,,,Stanozolol,,
Markku Tuokko,,Finland,,,Shot put/,,1977,1 year,,,,,Anabolic steroid,,
Markku Tuokko,,Finland,,,Discus throw,,,,,,,,Anabolic steroid,,
Erik Tysse,,Norway,,,Race walking,,2010,2 years,,,,,CERA,,
Romas Ubartas,,Lithuania,,,Discus throw,,1993,4 years,,,,,Boldenone,,
Romas Ubartas,,Lithuania,,,Discus throw,,2002,,,,,,Boldenone,,
Giampaolo Urlando,,Italy,,,Hammer throw,,1984,,,,,,Testosterone,,
Sergiu Ursu,,Romania,,,Discus throw,,2004,2 years,,,,,Nandrolone,,
Sergiu Ursu,,Romania,,,Discus throw,,2013,2 years,,,,,Norandrosterone,,
Binnaz Uslu,,Turkey,,,Running,,2007,2 years,,,,,Testosterone,,
Binnaz Uslu,,Turkey,,,Running,,2011(sample re-analysed 2013),Life ban,,,,,Stanozolol,,
Roman Usov,,Russia,,,Steeplechase,,2008,2 years,,,,,Carphedon,,
Jaanus Uudmae,,Estonia,,,Triple/long jump,,2007,Public warning,,,,,Sibutramine,,
Martti Vainio,,Finland,,,Long distance,,1984,18 months,,,,,Positive test:Metenolone,,
Martti Vainio,,Finland,,,Long distance,,1983?1984,(Reduced from life ban),,,,,"Self admittance: Blood transfusions,Testosterone",,
Euclides Varela,,Cape Verde,,,Long distance,,2012,18 months,,,,,3 whereabouts failures,,
Roland Varga,,Hungary,,,Discus throw,,2006,2 years,,,,,Boldenone,,
Andrei Varantsou,,Belarus,,,Hammer throw,,2005 (Sample retested 2012),4 years,,,,,Clomiphene & Oxandrolone,,
Andrei Varantsou,,Belarus,,,Hammer throw,,Jan-13,Life ban,,,,,Oral Turinabol,,
Andrei Varantsou,,Belarus,,,Hammer throw,,Oct-13,,,,,,Oral Turinabol,,
Sebastian Varga,,Romania,,,,,2006,2 years,,,,,Stanozolol,,
Sebastian Varga,,Romania,,,,,2009,8 years,,,,,Metabolites ofmetandienone,,
Aleksandr Vashchilo,,Belarus,,,Hammer throw,,2005,Public warning,,,,,Cannabis,,
Cristina Vasiloiu,,Romania,,,Middle distance,,2008,,,,,,EPO,,
Nikolai Vedehin,,Estonia,,,Middle distance,,2015,4 years,,,,,Trimetazidine,,
Velko Velev,,Bulgaria,,,Hammer throw,,1975,,,,,,Anabolic steroids,,
Michael Velter,,Belgium,,,Triple jump,,2006,3 months,,,,,Cannabis,,
Michael Velter,,Belgium,,,Triple jump,,2011,21 months,,,,,Cannabis,,
Venelina Veneva,,Bulgaria,,,High jump,,2007,2 years,,,,,Testosterone,,
Oksana Verner,,Kazakhstan,,,Middle distance,,2010,2 years,,,,,Stanozolol,,
Anna Verouli,,Greece,,,Javelin throw,,1984,,,,,,Nandrolone,,
Ioan Vieru,,Romania,,,Sprinting,,2004,2 years,,,,,Stanozolol,,
Saurav Vij,,India,,,Shot put,,2010,2 years,,,,,Methylhexaneamine,,
Igor Vinichenko,,Russia,,,Hammer throw,,2013,2 years,,,,,Dehydrochloromethyltestosterone,,
Roman Virastyuk,,Ukraine,,,Shot put,,1991,,,,,,,,
Innis Viviers,,South Africa,,,Sprinting,,2003,2 years,,,,,Stanozolol,,
Innis Viviers,,South Africa,,M,Sprinting,,11/02/2005,Life ban,,,,,Stanozolol,,
Aleksey Voyevodin,,Russia,,,Race walking,,2008,2 years,,,,,EPO,,
Nadezhda Vorobieva,,Russia,,,Middle distance,,2004,2 years,,,,,Pemoline,,
Letitia Vriesde,,Suriname,,,Middle distance,,2003,Public warning,,,,,Caffeine,,
Yevhen Vynohradov,,Ukraine,,,Hammer throw,,2009,2 years,,,,,Nandrolone,,
Larry Wade,,United States,,,Hurdling,,2004,2 years,,,,,19-Norandrosterone,,
Alwin Wagner,,West Germany,,,Discus throw,,1977?1987,?,,,,,Self admittance:Steroids,,
Erick Walder,,United States,,,Long jump,,2004,2 years,,,,,Amphetamine & Methamphetamine,,
Aleksander Walerianczyk,,Poland,,,High jump,,2003,Public warning,,,,,Caffeine,,
Douglas Walker,,Great Britain/Scotland,,,Sprinting,,1998,2 years,,,,,Nandrolone,,
Delisa Walton-Floyd,,United States,,,Middle distance,,1991,4 years,,,,,Amphetamine,,
Wang Jiali,,China,,,Marathon,,2012,2 years,,,,,Biological passport,,
Wang Jing,,China,,,Sprining,,2009,4 years,,,,,Epitestosterone,,
Wang Lina,,China,,,Long jump,,2005,2 years,,,,,Norandrosterone,,
Wang Shizhu,,China,,,Hammer throw,,2013,Public reprimand,,,,,,,
Gareth Warburton,,United Kingdom,,,Middle distance,,2014,6 months,,,,,"17?-methyl-5 ?-androstane-3?,17?-diol",,
Solomon Wariso,,Great Britain/England,,,Sprinting,,1994,3 months,,,,,Ephedrine,,
Wei Yanan,,China,,,Long distance,,2002,2 years,,,,,,,
Renward Wells,,Bahamas,,,Sprinting,,2002,2 years,,,,,,,
Joan Wenzel,,Canada,,,Middle distance,,1975,,,,,,Ephedrine,,
Kelli White,,United States,,,Sprinting,,2003,2 years,,,,,Positive test:Modafinil,,
Kelli White,,United States,,,Sprinting,,2000?2003,,,,,,BALCO scandal/Admission: THG & EPO,,
Janine Whitlock,,Great Britain,,,Pole vault,,2002,2 years,,,,,Methandienone,,
Bobby-Gaye Wilkins,,Jamaica,,,Sprinting,,2010,2 years,,,,,Andarine(SARMs),,
Bernard Williams,,United States,,,Sprinting,,2004,Public warning,,,,,Cannabis,,
Christopher Williams,,Jamaica,,,Sprinting,,2009,2 years,,,,,Amphetamineandlevmetamphetamine,,
Desai Williams,,Canada,,,Sprinting,,1980s,,,,,,Self admittance of steroid use (Dubin inquiry),,
Diane Williams,,United States,,,Sprinting,,,?,,,,,Self admittance:Anabolic steroids,,
Ivory Williams,,United States,,,Sprinting,,2010,3 months,,,,,Cannabis,,
Rhys Williams,,United Kingdom,,,Hurdling,,2014,4 months,,,,,"17?-hydroxyestra-4,9-diene-3-one",,
Tameka Williams,,Saint Kitts and Nevis,,,Sprinting,,2012,3 years,,,,,Possession and use or attempted use of prohibited substance or method,,
Solange Witteveen,,Argentina,,,High jump,,2001,2 years,,,,,Pemoline,,
Anna Wlodarczyk,,Poland,,,Long jump,,1982,,,,,,,,
Xiong Qiying,,China,,,Long jump,,1997,,,,,,,,
Mariya Yakovenko,,Russia,,,Javelin throw,,2013,2 years,,,,,Dehydrochloromethyltestosterone,,
Nevin Yanit,,Turkey,,,Hurdling,,2013,3 years,,,,,"Stanozolol, Testosterone & Biological passport",,
Oksana Yarygina,,Russia,,,Javelin throw,,2005,2 years,,,,,Metandienone (Dianabol),,
Iryna Yatchenko,,Belarus,,,Discus throw,,2004,2 years,,,,,Methandienone,,
Iryna Yatchenko,,Belarus,,,Discus throw,,(Sample retested in 2012),,,,,,,,
Antonina Yefremova,,Ukraine,,F,Sprinting,,23/08/2011,2 years,10/06/2014,,,,Testosterone,,
Olga Yegorova,,Russia,,,Distance,,2007,33 months,,,,,Tampering: Fraudulent substitution of urine,,
Igor Yerokhin,,Russia,,,Race walking,,2008,2 years,,,,,EPO,,
Igor Yerokhin,,Russia,,,Race walking,,2013,Life ban,,,,,Biological passport,,
Vasiliy Yershov,,Soviet Union,,,Javelin throw,,1978,18 months,,,,,Anabolic steroids,,
Elif Yildirim,,Turkey,,,Sprinting,,2013,2 years,,,,,Dehydrochloromethyltestosterone,,
Yin Anna,,China,,,Steeplechase,,2014,2 years,,,,,EPO,,
Daniela Yordanova,,Bulgaria,,,Middle distance,,2008,2 years,,,,,Testosterone,,
Lyudmyla Yosypenko,,Ukraine,,,Heptathlon,,2011,4 years,,,,,Biological passport,,
Jerome Young,,United States,,M,Sprinting,,1999,Life ban(2nd ADRV),,,,,Nandrolon,,
Jerome Young,,United States,,M,Sprinting,,23/07/2004,LIFE BAN,,,,,EPO,,
Nailiya Yulamanova,,Russia,,F,Marathon,,20/08/2009,2 years,09/02/2014,,,,Biological passport,,
Irina Yumanova,,Russia,,,Race walking,,2014,2 years,,,,,SARMs,,
Andriy Yurin,,Ukraine,,,Race walking,,2008,1 year,,,,,3 whereabouts failures,,
Fatima Yvelain,,France,,,Long distance,,2012,2 years,,,,,EPO,,
Aziz Zakari,,Ghana,,,Sprinting,,2006,2 years,,,,,Stanozolol,,
Joyce Zakari,,Kenya,,,Sprinting,,2015,4 years,,,,,Furosemide,,
Joy Nakhumicha Sakari,,Kenya,,,Sprinting,,2015,4 years,,,,,Furosemide,,
Mahdi Zamani,,Iran,,M,400 m,,17/06/2011,2 years,16/06/2013,,,,Methandienone,,
Carmen Zamfir-Gilhase,,Romania,,,Hurdling,,2004,2 years,,,,,Stanozolol,,
Ruddy Zang Milama,,Gabon,,,Sprinting,,2014,7 months,,,,,,,
Yuliya Zaripova,,Russia,,,Steeplechase,,2011,2 years and 6 months,,,,,Biological passportabnormalities,,
Oksana Zelinskaya,,Kazakhstan,,,Triple jump,,1997,Public warning and disqualification,,,,,Ephedrine,,
Olha Zemlyak,,Ukraine,,,Sprinting,,2009,2 years,,,,,Norandrosterone,,
Zhang Qi,,China,,,Shot put,,2008,4 years,,,,,Anabolic agent,,
Zhou Tianhua,,China,,,Shot put,,1993,,,,,,,,
Zhou Wei,,China,,,Sprinting,,2000,2 years,,,,,,,
Zohar Zimro,,Israel,,,Marathon,,2012,Public reprimand,,,,,,,
Yevgeniya Zinurova,,Russia,,F,Middle distance,,2010,2 years,12/09/2013,,,,Biological passportabnormalities,,
Khalid Zoubaa,,France,,,Long distance,,2007,3 years,,,,,EPO,,
Ellina Zvereva,,Belarus,,,Discus throw,,1992,,,,,,Steroids,,
 Gaetano CIVIELLO,,ITA,,M,,,Case ongoing since 2007,12 years ineligibility,19 04 2022,,,,"Use, possession & trafficking of prohibited, substances
IAAF Rules 32.2 (b) , 32.2(f) & 32.2 (g)",,
 Alemayehu BEZABEH,,ESP,,M,,,,2 years ineligibility,Ending 30.3.13,,,,"AAF ñ Use of a prohibited method IAAF Rule32.2 (b)
",,
 Marisda DARDHA,,ALB,,F,,,25/01/2012,2 years ineligibility,24 05 2014,,,,AAF - Clenbuterol,,
 Hayet FERAHTIA,,Algeria,,M,,,26/05/2012,2 years ineligibility,22 06 2014,,,,AAF ñ Testosterone,,
 Reda MEGDOUD,,Algeria,,M,,,16/05/2012,3 years ineligibility,5 06 2015,,,,AAF ñ Metenolone & Stanozolol,,
 Maria Raquel MARAVIGLIA,,Argentina,,F,,,17/12/2011,2 years ineligibility,13 03 2014,,,,AAF ñ EPO,,
 Yann BRUYLANDTS,,Belgium,,M,,,28/04/2012,3 months ineligibility,27.11.12,,,,AAF ñ Cannabis,,
 Joachim DE NAEYER,,Belgium,,M,,,27/02/2011,2 years ineligibility,28 03 2013,,,,AAF ñ EPO,,
 Nikita DOROFEEV,,Belarus,,M,,,26/01/2011,2 years ineligibility,25 01 2013,,,,AAF ñ Methandienone,,
  Yevgenia LYUBCHENKO,,Belarus,,F,,,17/11/2011,2 years ineligibility,12 12 2013,,,,AAF ñ Mesterolone/Nandrolone,,
 Leonid MEZHANAU,,Belarus,,M,,,26/04/2011,2 years ineligibility,17 05 2013,,,,AAF ñ Methandienone & Furosemide,,
 MOREIRA Juliana DA SILVA,,Brazil,,F,,,20/05/2012,2 years ineligibility,19 05 2014,,,,AAF ñ Methandienone,,
Daniel LOPEZ FERREIRA,,Brazil,,M,,,09/08/2009,Lifetime ineligibility,Life ban,,,,AAF ñ Phentermine,,
 Marcelo MOREIRA,,Brazil,,M,,,18/04/2009,Life ban,Life ban,,,,AAF-  Mephentermine,,
 Elaine de Paula VIEIRA,,Brazil,,F,,,08/01/2012,2 years ineligibility,16 01 2014,,,,AAF ñ Methylhexaneamine,,
 Andrian ANDREEV,,Bulgaria,,M,,,27/02/2008,Life ban (2nd ADRV),Life ban,,,,AAF ñ Metenolone,,
 Katia HRISTOVA,,Bulgaria,,F,,,13/02/2011,2 years ineligibility,13 06 2013,,,,AAF ñ Metenolone,,
 Donika KATHOLIKOVA,,Bulgaria,,F,,,20/02/2011,2 years ineligibility,27 06 2013,,,,AAF ñ Metenolone,,
 Jinxue CHANG,,China,,F,,,16/03/2011,2 years ineligibility,10 04 2013,,,,AAF ñ Tesosterone,,
 Yue GUAN,,China,,F,,,19/10/2011,2 years ineligibility,13 11 2013,,,,AAF ñ EPO,,
 Wang JING,,China,,F,,,23/10/2009,4 years ineligibility,24 10 2013,,,,AAF ñ Testosterone/epitestosterone,,
 Yongjian OU,,China,,M,,,07/09/2009,4 years ineligibility,20 09 2013,,,,AAF- Clenbuterol,,
 Mengxu TIAN,,China,,M,,,12/04/2011,2 years ineligibility,18 05 2013,,,,AAF ñ EPO,,
 Zhongwei XIA,,China,,M,,,07/06/2011,2 years ineligibility,20 06 2013,,,,AAF ñ Clenbuterol,,
 Ran ZHANG,,China,,F,,,25/04/2009,4 years ineligibility,24 04 2013,,,,AAF- Methandienone,,
 Minas ALOZIDES,,Cyprus,,M,,,25/06/2011,2 years ineligibility,24 06 2013,,,,AAF ñ Clomiphene,,
 Pavel FENCL,,CZE,,M,,,13/07/2011,2 years ineligibility,14 08 2013,,,,AAF ñ Anabolic agents & diuretics,,
 Jakub UHER,,CZE,,M,,,20/10/2010,2 years ineligibility,13 01 2013,,,,AAF ñ Testosterone,,
 VALERIO ORSANA,,DOM,,M,,,30/03/2012,2 years ineligibility,31 08 2014,,,,AAF ñ Stanozolol,,
 Jorge Andres ORTIZ,,DOM,,M,,,29/03/2012,6 months ineligibility,28 02 2013,,,,AAF ñ Methylhexaneamine,,
 Diana TAYLOR,,DOM,,F,,,13/09/2011,2 years ineligibility,12 12 2013,,,,AAF ñ Stanozolol,,
 EL SAIED Hemidah Mohamed,,EGY,,M,,,25/10/2011,2 years ineligibility,25 10 2013,,,,AAF - Metandienone,,
" FERNANDEZ PELAEZ, Francisco",,ESP,,M,,,10/02/2010,Ineligible until 9.12.12,9 12 2012,,,,"Possession of a Prohibited Substance or a
Prohibited Method (IAAF Rule 32.2 f)",,
 Pekka VIIPPO,,FIN,,M,,,04/09/2011,8 years ineligibility (2nd ADRV),10 11 2019,,,,AAF ñ Hydrochlorothiazide,,
 El Mokhtar AJJAJI,,FRA,,M,,,25/07/2010,2 years ineligibility,22 03 2013,,,,AAF- Prednisolone,,
 Clarisse HOARAU,,FRA,,F,,,15/10/2011,2 years ineligibility,28 04 2014,,,,AAF ñ EPO,,
 Joel LOUISE,,FRA,,F,,,27/11/2011,6 months ineligibility,5 01 2013,,,,AAF - Cannabis,,
 Carl FLETCHER,,GBR,,M,,,23/03/2011,4 years ineligibility,7 11 2015,,,,IAAF Rule 32.2g ñ Trafficking,,
 Bernice WILSON,,GBR,,F,,,12/06/2011,4 years ineligibility,8 07 2015,,,,AAF ñ Clenbuterol & Testosterone,,
 Benik ABRAMIANI,,GEO,,M,,,11/08/2011,2 years ineligibility,14 02 2013,,,,AAF - Mesterolone & Methandienone,,
 Christos POLYCHRONIOU,,GRE,,M,,,18/03/2008,Life ban (2nd offence),Life ban,,,,Refusal ñ IAAF Rule 32.2 (c),,
 Adam HRICZ,,HUN,,M,,,26/06/2011,2 years ineligibility,14 07 2013,,,,AAF ñ Stanozolol,,
 Akkunji ASHWINI,,IND,,F,,,27/06/2011,2 years ineligibility,3 07 2013,,,,AAF - Methandienone,,
 Bodhisatva BANERJEE,,IND,,M,,,13/06/2011,2 years ineligibility,13 12 2013,,,,AAF  - Methylhexaneamine,,
 Gaurav BHARDWAJ,,IND,,M,,,29/05/2011,2 years ineligibility,12 06 2013,,,,AAF ñ Testosterone,,
 Reena BITTAN,,IND,,F,,,06/05/2011,1 year ineligibility,13 12 2012,,,,AAF ñ Methylhexaneamine,,
 Deepak CHOUDHARY,,IND,,M,,,08/05/2012,2 years ineligibility,30 05 2014,,,,AAF ñ Methandienone,,
 P.B. GIRI,,IND,,M,,,25/01/2010,8 years ineligibility (2nd offence),20 07 2018,,,,AAF ñ Stanozolol,,
 JAGMAL,,IND,,M,,,14/04/2011,2 years ineligibility,1 05 2013,,,,AAF - Norandrosterone,,
 Vipin KASANA,,IND,,M,,,19/02/2011,2 years ineligibility,18 02 2013,,,,AAF ñ Stanozolol,,
 Mandeep KAUR,,IND,,F,,,25/05/2011,2 years ineligibility,23 June2013,,,,AAF ñ Stanozolol,,
 Hemant KIRULKAR,,IND,,M,,,25/04/2011,2 years ineligibility,25 05 2013,,,,AAF ñ Oxandrolone,,
 Amit KUMAR,,IND,,M,,,14/12/2010,2 years ineligibility,3 01 2013,,,,AAF ñ Methandienone,,
 Avin KUMAR,,IND,,M,,,19/12/2011,2 years ineligibility,1 01 2014,,,,AAF ñ Mephentermine & Methandienone,,
 Sachin KUMAR,,IND,,M,,,10/05/2012,2 years ineligibility,20 06 2014,,,,AAF ñ Stanozolol,,
 B MADHUSUDHANA,,IND,,M,,,14/04/2011,2 years ineligibility,1 05 2013,,,,AAF ñ Stanozolol,,
 Ranjita MAHANTA,,IND,,F,,,23/04/2010,2 years ineligibility,14 05 2014,,,,AAF ñ Norandrosterone,,
 MANISH,,IND,,M,,,19/09/2011,2 years ineligibility,6 10 2013,,,,AAF ñ Stanozolol & Methandienone,,
 Sukanya MISHRA,,IND,,F,,,03/11/2009,2 years ineligibility,28 02 2013,,,,AAF ñ Stanozolol,,
 Priyanka PANWAR,,IND,,F,,,27/06/2011,2 years ineligibility,3 07 2013,,,,AAF ñ Methandienone,,
 Megha PARDESHI,,IND,,F,,,03/05/2011,2 years ineligibility,26 05 2013,,,,AAF ñ Stanozolol,,
 Alka RANI,,IND,,M,,,11/09/2012,2 years ineligibility,6 10 2013,,,,AAF ñ Stanozolol & Mephentermine,,
 Arvinda RATHWA,,IND,,IND,,,15/03/2012,2 years ineligibility,23 04 2014,,,,AAF ñ Exogenous steroids,,
 Ranjana ROY,,IND,,F,,,25/07/2011,2 years ineligibility,8 08 2013,,,,AAF ñ Norandrosterone,,
 Vinita SAHNI,,IND,,F,,,19/09/2011,2 years ineligibility,6 10 2013,,,,AAF ñ Stanozolol & Methylhexaneamine,,
 Rinku SANGWAN,,IND,,F,,,20/02/2011,2 years ineligibility,12 09 2013,,,,AAF ñ Methylhexaneamine,,
 Suresh SATHYA,,IND,,M,,,14/11/2010,2 years ineligibility,23 11 2012,,,,AAF ñ Nandrolone,,
 Rapula SEFAMYETSO,,IND,,M,,,13/09/2012,2 years ineligibility,27 06 2014,,,,AAF ñ Testosterone,,
 SHABEENA,,IND,,F,,,21/12/2011,2 years ineligibility,8 01 2014,,,,AAF ñ Stanozolol,,
 Dagar Harvender SINGH,,IND,,M,,,23/04/2012,2 years ineligibility,14 05 2014,,,,AAF ñ Stanozolol & Metandienone,,
 Dharmvir SINGH,,IND,,M,,,04/02/2012,2 years ineligibility,21 02 2014,,,,AAF ñ Testosterone & Stanozolol,,
 Jitinder SINGH,,IND,,M,,,21/10/2010,Lifetime ban (2nd ADRV),As from 4.11.10,,,,AAF ñ Methandienone,,
 Kirpal SINGH,,IND,,M,,,21/04/2012,2 years ineligibility,8 05 2014,,,,AAF ñ Stanozolol,,
 Kuldev SINGH,,IND,,M,,,20/02/2011,2 years ineligibility,12 09 2013,,,,AAF - Methylhexaneamine,,
 Ravinder SINGH,,IND,,M,,,16/12/2010,2 years ineligibility,3 01 2013,,,,AAF ñ Methanidienone & Mephentermine,,
 M THAVARAJ,,IND,,M,,,23/04/2010,2 years ineligibility,6 03 2014,,,,AAF ñ Norandrosterone,,
 Tiana Mary THOMAS,,IND,,F,,,12/06/2011,2 years ineligibility,30 06 2013,,,,AAF ñ Methandienone & Stanozolol,,
 Ramesh VIGNESH,,IND,,M,,,04/09/2011,2 years ineligibility,27 09 2013,,,,AAF ñ Norandrosterone,,
 Rani YADAV,,IND,,F,,,07/10/2010,2 years ineligibility,11 10 2014,,,,AAF ñ Norandrosterone,,
Ch YERRAM NAIDU ,,IND,,M,,,20/12/2011,2 years ineligibility,29th December 2013,,,,AAF ñ Mephentermine,,
 Seema JHAKAR,,ING,,F,,,19/11/2009,"8 years ineligibility (2nd
ADRV)",30 08 2018,,,,AAF ñ Stanozolol,,
  Hassan HEIDARPOOR,,IRI,,M,,,19/01/2012,8 years ineligibility (2nd offence),18 01 2020,,,,AAF ñ Stanozolol,,
 Melissa PERETTI,,ITA,,F,,,06/03/2011,2 years ineligibility,5 04 2013,,,,AAF ñ Betamethasone & Modafinil,,
 Eliud CHEPTEI,,KEN,,M,,,05/12/2010,2 years ineligibility,14 02 2013,,,,AAF ñ Nandrolone,,
 Rose CHESIRE,,KEN,,F,,,04/12/2011,1 year ineligibility,18 01 2013,,,,AAF ñ Methylhexaneamine,,
 Genoveva KIGEN,,KEN,,F,,,28/05/2012,2 years ineligibility,24 06 2014,,,,AAF ñ Clenbuterol,,
 Matthews KISORIO,,KEN,,M,,,14/06/2012,2 years ineligibility,10 07 2014,,,,AAF - Norandrosterone,,
 Rael KIYARA,,KEN,,F,,,29/04/2012,2 years ineligibility,18 07 2014,,,,AAF ñ Norandrosterone,,
 Emad ALAMRY,,KSA,,M,,,19/04/2012,2 years ineligibility,7 05 2014,,,,AAF ñ Cannabis,,
 Nasser AL KHALDI,,KSA,,M,,,19/04/2012,2 years ineligibility,5 05 2014,,,,AAF ñ Norandrosterone,,
 Mahdi Hassan AL QHARNI,,KSA,,M,,,05/05/2011,2 years ineligibility,5 07 2013,,,,AAF- Amphetamine,,
 Mohammed AL BLOOSHY,,KUW,,M,,,06/03/2012,2 years ineligibility,15 04 2014,,,,AAF ñ Boldenone,,
 Yunus LASALLEH,,MAS,,M,,,15/12/2011,2 years ineligibility,15 12 2014,,,,AAF ñ Methandienone,,
 Natalia ARTIC,,MDA,,F,,,03/07/2012,2 years ineligibility,23 07 2014,,,,AAF ñ Stanozolol,,
 Than Toe KHIM,,MYA,,F,,,12/10/2009,2 years ineligibility,31 03 2013,,,,AAF ñ Norandrosterone,,
  Tosin OGEDENGBE,,NGR,,M,,,07/07/2011,2 years ineligibility,22 08 2013,,,,Methylhexaneamine,,
 Olawuyi Ajibola RAHEEM,,NGR,,M,,,16/05/2012,2 years ineligibility,12 06 2014,,,,AAF ñ Clenbuterol & Metenolone,,
 Kwa Ihuefo SOROCHUKWU,,NGR,,F,,,25/06/2010,"8 years ineligibility (2nd
ADRV)",15 08 2018,,,,AAF ñ Norandrosterone,,
 Danuta PISKOROWSKA,,POL,,F,,,10/04/2011,2 years ineligibility,9 04 2013,,,,AAF ñ Formoterol,,
 Le„o CARVALHO,,POR,,M,,,19/07/2008,10 years ineligibility (2nd offence),17 08 2018,,,,AAF ñ Cocaine,,
 Nuno DA COSTA,,POR,,M,,,19/03/2011,2 years ineligibility,18 04 2013,,,,AAF - EPO,,
 Jose Manuel GONCALVES,,POR,,M,,,10/07/2011,2 years ineligibility,10 08 2013,,,,AAF ñ Nandrolone/Boldenone,,
 Abubaker KAMAL,,QAT,,F,,,15/12/2011,2 years ineligibility,8 01 2014,,,,AAF ñ EPO,,
 Dheeb MOHAMMED,,QAT,,M,,,24/11/2010,2 years ineligibility,4 12 2012,,,,AAF  - Testosterone,,
 Rodica CHIRITA,,ROU,,F,,,08/12/2005,Life ban,Life ban,,,,AAF - Stanozolol,,
 Ilie Bogdan MACOVEI,,ROU,,M,,,20/07/2012,2 years ineligibility,6 08 2014,,,,AAF - hCG,,
 Sebastian VARGA,,ROU,,M,,,03/06/2009,8 years ineligibility (2nd ADRV),2 09 2017,,,,AAF ñ Metabolites of metandienone,,
 Ruan Michael CLAASEN,,RSA,,M,,,05/05/2012,6 months ineligibility,12 12 2012,,,,AAF ñ Cannabis,,
 Andre KOEKEMOER,,RSA,,M,,,08/02/2012,2 years ineligibility,5 03 2014,,,,AAF - Stanozolol,,
 STRAATEN VAN,,RSA,,M,,,19/05/2012,6 months ineligibility,13 12 2012,,,,AAF ñ Methylhexaneamine,,
 Arthur BIGAEV,,RUS,,M,,,24/05/2011,2 years ineligibility,27 06 2013,,,,AAF ñ Testosterone,,
 Dementiy CHEPAREV,,RUS,,M,,,18/02/2012,2 years ineligibility,5 03 2014,,,,AAF - Fenoterol,,
 Alevtina GRISHCHENKO,,RUS,,F,,,07/08/2011,2 years ineligibility,17 08 2013,,,,AAF ñ Methandienone,,
 Veronika ILJINA,,RUS,,F,,,16/09/2011,2 years ineligibility,3 10 2013,,,,AAF ñ Dehydochloromethyltestosterone,,
 Irina KHORZANENKO,,RUS,,F,,,18/08/2004,Life ban (2nd offence),Life ban,,,,AAF ñ Stanozolol,,
 Irina KLIMENICHEVA,,RUS,,F,,,07/08/2011,2 years ineligibility,17 08 2013,,,,AAF ñ Bromantan,,
 Svetlana KLYUKA,,RUS,,F,,,15/08/2009,2 years ineligibility,9 02 2014,,,,"ABP Case - IAAF Rule 32.2b ñ Use/Attempted
use of a prohibited substance/method",,
 Maksim KOSTOMAROV,,RUS,,M,,,18/05/2011,2 years ineligibility,26 05 2013,,,,AAF ñ Methylhexaneamine,,
 Olga ORTINA,,RUS,,F,,,24/07/2011,2 years ineligibility,8 08 2013,,,,AAF ñ Oralturinabol,,
 Eugeniya PECHERINA,,RUS,,F,,,25/06/2011,2 years ineligibility,4 07 2013,,,,AAF  - Methandienone,,
 Dmitriy SOROKIN,,RUS,,M,,,18/05/2011,2 years ineligibility,26 05 2013,,,,AAF ñ Carphedon,,
 Oleg SYSOLETIN,,RUS,,M,,,21/07/2012,2 years ineligibility,30 07 2014,,,,AAF ñ Bromantan,,
 Lada TCHERNOVA,,RUS,,F,,,29/02/2012,Lifeban (2nd ADRV),Lifeban,,,,AAF ñ Bromantan,,
 Yuliya TUTAYEVA,,RUS,,F,,,27/06/2012,2 years ineligibility,6 08 2014,,,,AAF - Testosterone,,
 Igor URUSOV,,RUS,,M,,,07/08/2011,2 years ineligibility,17 08 2013,,,,AAF ñ  Dehydrochloromethyltestosterone,,
 Anna VLASOVA,,RUS,,F,,,15/05/2011,2 years ineligibility,26 05 2013,,,,AAF ñ Furosemide,,
 Monira ALSALEH,,SYR,,F,,,26/02/2010,Life ban (2nd ADRV),Life ban,,,,AAF- Stanozolol,,
 Handan KOCYGIT,,TUR,,F,,,13/05/2012,2 years ineligibility,29 05 2014,,,,AAF ñ Metenolone,,
 Svitlana CHERVAN,,UKR,,F,,,24/09/2010,2 years ineligibility,14 12 2013,,,,"IAAF  Rule  32.2(b)     Use/attempted  use  of  a
prohibited substance/method
IAAF  Rule32.2(f)  Possession  of  a  prohibited substance/method",,
 Uliana LEPSKA,,UKR,,F,,,17/07/2011,2 years ineligibility,3 08 2013,,,,AAF ñ Stanozolol,,
 Mark BLOCK,,USA,,M,,,01/01/2009,10 years ineligibility,31 12 2018,,,,"IAAF Rule 32.2 (h):
Administration/attempted administration of a prohibited substance to an athlete",,
 Matthew DI BUONO,,USA,,M,,,23/06/2011,4 years ineligibility,16 08 2015,,,,AAF ñ Steroids,,
 Byron DUHON,,USA,,M,,,13/07/2011,2 years ineligibility,20 10 2013,,,,Refusal - IAAF Rule 32.2 (c ),,
 Stephen SHUMAKER,,USA,,M,,,28/07/2011,2 years ineligibility,8 09 2013,,,,AAF ñ Hydrochlorothizide & Chlorothiazide,,
